2026-10-03T09:06:08.4187386Z Current runner version: '2.337.0'
2026-10-03T09:06:08.4214469Z ##[group]Runner Image Provisioner
2026-10-03T09:06:08.4215517Z Hosted Compute Agent
2026-10-03T09:06:08.4216143Z Version: 20260901.588
2026-10-03T09:06:08.4216826Z Commit: f88ec8081b781fac6c440065ac7ff9e710ce3d0b
2026-10-03T09:06:08.4218234Z Build Date: 2026-09-01T19:56:44Z
2026-10-03T09:06:08.4218980Z Worker ID: {a94dee7f-41e1-44b5-a906-3ab0061606c4}
2026-10-03T09:06:08.4219712Z Azure Region: westcentralus
2026-10-03T09:06:08.4220390Z ##[endgroup]
2026-10-03T09:06:08.4222076Z ##[group]Operating System
2026-10-03T09:06:08.4222811Z Ubuntu
2026-10-03T09:06:08.4223378Z 24.04.5
2026-10-03T09:06:08.4223925Z LTS
2026-10-03T09:06:08.4224507Z ##[endgroup]
2026-10-03T09:06:08.4225105Z ##[group]Runner Image
2026-10-03T09:06:08.4225754Z Image: ubuntu-24.04
2026-10-03T09:06:08.4226351Z Version: 20260927.320.1
2026-10-03T09:06:08.4228032Z Included Software: https://github.com/actions/runner-images/blob/ubuntu24/20260927.320/images/ubuntu/Ubuntu2404-Readme.md
2026-10-03T09:06:08.4229722Z Image Release: https://github.com/actions/runner-images/releases/tag/ubuntu24%2F20260927.320
2026-10-03T09:06:08.4230766Z ##[endgroup]
2026-10-03T09:06:08.4232020Z ##[group]GITHUB_TOKEN Permissions
2026-10-03T09:06:08.4234248Z Contents: read
2026-10-03T09:06:08.4234930Z Metadata: read
2026-10-03T09:06:08.4235512Z Packages: read
2026-10-03T09:06:08.4236130Z ##[endgroup]
2026-10-03T09:06:08.4239892Z Secret source: Actions
2026-10-03T09:06:08.4241640Z Cache mode: write
2026-10-03T09:06:08.4243233Z Prepare workflow directory
2026-10-03T09:06:08.4597430Z Prepare all required actions
2026-10-03T09:06:08.4646952Z Getting action download info
2026-10-03T09:06:08.7692649Z Download action repository 'actions/checkout@v4' (SHA:11d5960a326750d5838078e36cf38b85af677262)
2026-10-03T09:06:08.8713051Z Download action repository 'actions/setup-java@v4' (SHA:cf277c60eb25467037889841efdb72551f06f6c3)
2026-10-03T09:06:09.6436854Z Download action repository 'android-actions/setup-android@v3' (SHA:9fc6c4e9069bf8d3d10b2204b1fb8f6ef7065407)
2026-10-03T09:06:10.0566589Z Download action repository 'actions/cache@v4' (SHA:0057852bfaa89a56745cba8c7296529d2fc39830)
2026-10-03T09:06:10.2333444Z Download action repository 'actions/upload-artifact@v4' (SHA:ea165f8d65b6e75b540449e92b4886f43607fa02)
2026-10-03T09:06:10.5273272Z Complete job name: 编译 + 单元测试
2026-10-03T09:06:10.6153067Z ##[group]Run actions/checkout@v4
2026-10-03T09:06:10.6153899Z with:
2026-10-03T09:06:10.6154424Z   repository: 2026heshao/Healix
2026-10-03T09:06:10.6157439Z   token: ***
2026-10-03T09:06:10.6158032Z   ssh-strict: true
2026-10-03T09:06:10.6158497Z   ssh-user: git
2026-10-03T09:06:10.6158898Z   persist-credentials: true
2026-10-03T09:06:10.6159343Z   clean: true
2026-10-03T09:06:10.6159818Z   sparse-checkout-cone-mode: true
2026-10-03T09:06:10.6160231Z   fetch-depth: 1
2026-10-03T09:06:10.6160669Z   fetch-tags: false
2026-10-03T09:06:10.6161061Z   show-progress: true
2026-10-03T09:06:10.6161790Z   lfs: false
2026-10-03T09:06:10.6162550Z   submodules: false
2026-10-03T09:06:10.6163198Z   set-safe-directory: true
2026-10-03T09:06:10.6163872Z   allow-unsafe-pr-checkout: false
2026-10-03T09:06:10.6164708Z ##[endgroup]
2026-10-03T09:06:10.7343031Z Syncing repository: 2026heshao/Healix
2026-10-03T09:06:10.7344868Z ##[group]Getting Git version info
2026-10-03T09:06:10.7345453Z Working directory is '/home/runner/work/Healix/Healix'
2026-10-03T09:06:10.7346140Z [command]/usr/bin/git version
2026-10-03T09:06:10.7449512Z git version 2.55.0
2026-10-03T09:06:10.7477921Z ##[endgroup]
2026-10-03T09:06:10.7494489Z Temporarily overriding HOME='/home/runner/work/_temp/16ce41d3-2329-4d37-9c39-81dedbfcc953' before making global git config changes
2026-10-03T09:06:10.7496176Z Adding repository directory to the temporary git global config as a safe directory
2026-10-03T09:06:10.7500731Z [command]/usr/bin/git config --global --add safe.directory /home/runner/work/Healix/Healix
2026-10-03T09:06:10.7557279Z Deleting the contents of '/home/runner/work/Healix/Healix'
2026-10-03T09:06:10.7562963Z ##[group]Initializing the repository
2026-10-03T09:06:10.7568035Z [command]/usr/bin/git init /home/runner/work/Healix/Healix
2026-10-03T09:06:10.7677442Z hint: Using 'master' as the name for the initial branch. This default branch name
2026-10-03T09:06:10.7679274Z hint: will change to "main" in Git 3.0. To configure the initial branch name
2026-10-03T09:06:10.7680704Z hint: to use in all of your new repositories, which will suppress this warning,
2026-10-03T09:06:10.7681869Z hint: call:
2026-10-03T09:06:10.7696930Z hint:
2026-10-03T09:06:10.7702628Z hint: 	git config --global init.defaultBranch <name>
2026-10-03T09:06:10.7703169Z hint:
2026-10-03T09:06:10.7703593Z hint: Names commonly chosen instead of 'master' are 'main', 'trunk' and
2026-10-03T09:06:10.7704226Z hint: 'development'. The just-created branch can be renamed via this command:
2026-10-03T09:06:10.7704709Z hint:
2026-10-03T09:06:10.7705000Z hint: 	git branch -m <name>
2026-10-03T09:06:10.7705311Z hint:
2026-10-03T09:06:10.7705755Z hint: Disable this message with "git config set advice.defaultBranchName false"
2026-10-03T09:06:10.7706856Z Initialized empty Git repository in /home/runner/work/Healix/Healix/.git/
2026-10-03T09:06:10.7709597Z [command]/usr/bin/git remote add origin https://github.com/2026heshao/Healix
2026-10-03T09:06:10.7760653Z ##[endgroup]
2026-10-03T09:06:10.7761736Z ##[group]Disabling automatic garbage collection
2026-10-03T09:06:10.7765822Z [command]/usr/bin/git config --local gc.auto 0
2026-10-03T09:06:10.7802756Z ##[endgroup]
2026-10-03T09:06:10.7803974Z ##[group]Setting up auth
2026-10-03T09:06:10.7812155Z [command]/usr/bin/git config --local --name-only --get-regexp core\.sshCommand
2026-10-03T09:06:10.7849886Z [command]/usr/bin/git submodule foreach --recursive sh -c "git config --local --name-only --get-regexp 'core\.sshCommand' && git config --local --unset-all 'core.sshCommand' || :"
2026-10-03T09:06:10.8248378Z [command]/usr/bin/git config --local --name-only --get-regexp http\.https\:\/\/github\.com\/\.extraheader
2026-10-03T09:06:10.8290305Z [command]/usr/bin/git submodule foreach --recursive sh -c "git config --local --name-only --get-regexp 'http\.https\:\/\/github\.com\/\.extraheader' && git config --local --unset-all 'http.https://github.com/.extraheader' || :"
2026-10-03T09:06:10.8522609Z [command]/usr/bin/git config --local --name-only --get-regexp ^includeIf\.gitdir:
2026-10-03T09:06:10.8560300Z [command]/usr/bin/git submodule foreach --recursive git config --local --show-origin --name-only --get-regexp remote.origin.url
2026-10-03T09:06:10.8791717Z [command]/usr/bin/git config --local http.https://github.com/.extraheader AUTHORIZATION: basic ***
2026-10-03T09:06:10.8833957Z ##[endgroup]
2026-10-03T09:06:10.8834620Z ##[group]Fetching the repository
2026-10-03T09:06:10.8846014Z [command]/usr/bin/git -c protocol.version=2 fetch --no-tags --prune --no-recurse-submodules --depth=1 origin +da6a0a34c63a9f962330888d6bb75bad9de434c0:refs/remotes/origin/main
2026-10-03T09:06:11.3738077Z From https://github.com/2026heshao/Healix
2026-10-03T09:06:11.3739341Z  * [new ref]         da6a0a34c63a9f962330888d6bb75bad9de434c0 -> origin/main
2026-10-03T09:06:11.3744320Z ##[endgroup]
2026-10-03T09:06:11.3745884Z ##[group]Determining the checkout info
2026-10-03T09:06:11.3748076Z ##[endgroup]
2026-10-03T09:06:11.3755851Z [command]/usr/bin/git sparse-checkout disable
2026-10-03T09:06:11.3815816Z [command]/usr/bin/git config --local --unset-all extensions.worktreeConfig
2026-10-03T09:06:11.3852514Z ##[group]Checking out the ref
2026-10-03T09:06:11.3858607Z [command]/usr/bin/git checkout --progress --force -B main refs/remotes/origin/main
2026-10-03T09:06:11.4033467Z Switched to a new branch 'main'
2026-10-03T09:06:11.4043329Z branch 'main' set up to track 'origin/main'.
2026-10-03T09:06:11.4049655Z ##[endgroup]
2026-10-03T09:06:11.4095905Z [command]/usr/bin/git log -1 --format=%H
2026-10-03T09:06:11.4123610Z da6a0a34c63a9f962330888d6bb75bad9de434c0
2026-10-03T09:06:11.4421264Z ##[group]Run actions/setup-java@v4
2026-10-03T09:06:11.4421770Z with:
2026-10-03T09:06:11.4422067Z   distribution: temurin
2026-10-03T09:06:11.4422308Z   java-version: 17
2026-10-03T09:06:11.4422530Z   java-package: jdk
2026-10-03T09:06:11.4422756Z   check-latest: false
2026-10-03T09:06:11.4422981Z   server-id: github
2026-10-03T09:06:11.4423206Z   server-username: GITHUB_ACTOR
2026-10-03T09:06:11.4423472Z   server-password: GITHUB_TOKEN
2026-10-03T09:06:11.4423730Z   overwrite-settings: true
2026-10-03T09:06:11.4423977Z   job-status: success
2026-10-03T09:06:11.4426601Z   token: ***
2026-10-03T09:06:11.4426828Z ##[endgroup]
2026-10-03T09:06:11.6145597Z ##[warning]setup-java v4 is deprecated and will no longer receive updates. Please migrate to actions/setup-java@v5.
2026-10-03T09:06:11.6153247Z ##[group]Installed distributions
2026-10-03T09:06:11.6285474Z Resolved Java 17.0.20+1 from tool-cache
2026-10-03T09:06:11.6286070Z Setting Java 17.0.20+1 as the default
2026-10-03T09:06:11.6297456Z (node:2388) [DEP0040] DeprecationWarning: The `punycode` module is deprecated. Please use a userland alternative instead.
2026-10-03T09:06:11.6298497Z (Use `node --trace-deprecation ...` to show where the warning was created)
2026-10-03T09:06:11.6302008Z Creating toolchains.xml for JDK version 17 from temurin
2026-10-03T09:06:11.6381348Z Writing to /home/runner/.m2/toolchains.xml
2026-10-03T09:06:11.6381798Z 
2026-10-03T09:06:11.6381969Z Java configuration:
2026-10-03T09:06:11.6382396Z   Distribution: temurin
2026-10-03T09:06:11.6382805Z   Version: 17.0.20+1
2026-10-03T09:06:11.6383363Z   Path: /opt/hostedtoolcache/Java_Temurin-Hotspot_jdk/17.0.20-1/x64
2026-10-03T09:06:11.6383858Z 
2026-10-03T09:06:11.6384433Z ##[endgroup]
2026-10-03T09:06:11.6401112Z Creating settings.xml with server-id: github
2026-10-03T09:06:11.6436564Z Writing to /home/runner/.m2/settings.xml
2026-10-03T09:06:11.6664104Z ##[group]Run android-actions/setup-android@v3
2026-10-03T09:06:11.6664633Z with:
2026-10-03T09:06:11.6665116Z   packages: platforms;android-35 build-tools;35.0.0 platform-tools
2026-10-03T09:06:11.6665856Z   accept-android-sdk-licenses: true
2026-10-03T09:06:11.6666318Z   cmdline-tools-version: 12266719
2026-10-03T09:06:11.6666789Z   log-accepted-android-sdk-licenses: true
2026-10-03T09:06:11.6667242Z env:
2026-10-03T09:06:11.6667927Z   JAVA_HOME: /opt/hostedtoolcache/Java_Temurin-Hotspot_jdk/17.0.20-1/x64
2026-10-03T09:06:11.6668776Z   JAVA_HOME_17_X64: /opt/hostedtoolcache/Java_Temurin-Hotspot_jdk/17.0.20-1/x64
2026-10-03T09:06:11.6669428Z ##[endgroup]
2026-10-03T09:06:11.7763213Z Found preinstalled sdkmanager in /usr/local/lib/android/sdk/cmdline-tools/latest with following source.properties:
2026-10-03T09:06:11.7764667Z Pkg.Revision=12.0
2026-10-03T09:06:11.7765147Z Pkg.Path=cmdline-tools;12.0
2026-10-03T09:06:11.7765633Z Pkg.Desc=Android SDK Command-line Tools
2026-10-03T09:06:11.7766053Z 
2026-10-03T09:06:11.7766280Z Wrong version in preinstalled sdkmanager
2026-10-03T09:06:11.7767340Z Downloading commandline tools from https://dl.google.com/android/repository/commandlinetools-linux-12266719_latest.zip
2026-10-03T09:06:12.6965703Z [command]/usr/bin/unzip -o -q /home/runner/work/_temp/b74381b5-8110-4963-92d1-10a99c0588f2
2026-10-03T09:06:13.5066039Z Accepting Android SDK licenses
2026-10-03T09:06:13.5072804Z [command]/usr/local/lib/android/sdk/cmdline-tools/16.0/bin/sdkmanager --licenses
2026-10-03T09:06:18.5080875Z Loading local repository...                                                     
2026-10-03T09:06:18.5082071Z [=========                              ] 25% Loading local repository...       
2026-10-03T09:06:20.3208643Z [=========                              ] 25% Fetch remote repository...        
2026-10-03T09:06:20.7153069Z [==========                             ] 26% Fetch remote repository...        
2026-10-03T09:06:20.7178632Z [============                           ] 31% Fetch remote repository...        
2026-10-03T09:06:20.7434062Z [============                           ] 32% Fetch remote repository...        
2026-10-03T09:06:20.7436303Z [=============                          ] 33% Fetch remote repository...        
2026-10-03T09:06:20.7813394Z [=============                          ] 35% Fetch remote repository...        
2026-10-03T09:06:20.7828198Z [==============                         ] 36% Fetch remote repository...        
2026-10-03T09:06:20.8035990Z [==============                         ] 37% Fetch remote repository...        
2026-10-03T09:06:20.8039055Z [===============                        ] 38% Fetch remote repository...        
2026-10-03T09:06:20.8288591Z [===============                        ] 39% Fetch remote repository...        
2026-10-03T09:06:20.8289882Z [================                       ] 40% Fetch remote repository...        
2026-10-03T09:06:20.8562966Z [================                       ] 41% Fetch remote repository...        
2026-10-03T09:06:20.8564218Z [================                       ] 42% Fetch remote repository...        
2026-10-03T09:06:20.8811597Z [=================                      ] 44% Fetch remote repository...        
2026-10-03T09:06:20.8828879Z [=================                      ] 45% Fetch remote repository...        
2026-10-03T09:06:20.9096885Z [==================                     ] 46% Fetch remote repository...        
2026-10-03T09:06:20.9098271Z [==================                     ] 47% Fetch remote repository...        
2026-10-03T09:06:20.9262324Z [===================                    ] 48% Fetch remote repository...        
2026-10-03T09:06:20.9265338Z [===================                    ] 49% Fetch remote repository...        
2026-10-03T09:06:20.9495594Z [====================                   ] 50% Fetch remote repository...        
2026-10-03T09:06:20.9509930Z [====================                   ] 51% Fetch remote repository...        
2026-10-03T09:06:20.9668535Z [====================                   ] 53% Fetch remote repository...        
2026-10-03T09:06:20.9670239Z [=====================                  ] 54% Fetch remote repository...        
2026-10-03T09:06:20.9839167Z [=====================                  ] 55% Fetch remote repository...        
2026-10-03T09:06:20.9858935Z [======================                 ] 56% Fetch remote repository...        
2026-10-03T09:06:21.1244654Z [======================                 ] 57% Fetch remote repository...        
2026-10-03T09:06:21.1245713Z [=======================                ] 58% Fetch remote repository...        
2026-10-03T09:06:21.1425156Z [=======================                ] 59% Fetch remote repository...        
2026-10-03T09:06:21.1430968Z [========================               ] 60% Fetch remote repository...        
2026-10-03T09:06:21.1606103Z [========================               ] 61% Fetch remote repository...        
2026-10-03T09:06:21.1615565Z [=========================              ] 63% Fetch remote repository...        
2026-10-03T09:06:21.1794856Z [=========================              ] 64% Fetch remote repository...        
2026-10-03T09:06:21.1797297Z [=========================              ] 65% Fetch remote repository...        
2026-10-03T09:06:21.2068867Z [==========================             ] 66% Fetch remote repository...        
2026-10-03T09:06:21.2098511Z [==========================             ] 67% Fetch remote repository...        
2026-10-03T09:06:21.2405708Z [===========================            ] 68% Fetch remote repository...        
2026-10-03T09:06:21.2406981Z [===========================            ] 69% Fetch remote repository...        
2026-10-03T09:06:21.3080498Z [============================           ] 70% Fetch remote repository...        
2026-10-03T09:06:21.3092228Z [============================           ] 72% Fetch remote repository...        
2026-10-03T09:06:21.3410822Z [=============================          ] 73% Fetch remote repository...        
2026-10-03T09:06:21.3411795Z [=============================          ] 74% Fetch remote repository...        
2026-10-03T09:06:21.3508612Z [=============================          ] 75% Fetch remote repository...        
2026-10-03T09:06:21.3622735Z [=============================          ] 75% Computing updates...              
2026-10-03T09:06:21.3623829Z [=======================================] 100% Computing updates...             
2026-10-03T09:06:21.4201325Z 6 of 7 SDK package licenses not accepted.
2026-10-03T09:06:21.4202439Z Review licenses that have not been accepted (y/N)? 
2026-10-03T09:06:21.4203349Z 1/6: License android-googletv-license:
2026-10-03T09:06:21.4204063Z ---------------------------------------
2026-10-03T09:06:21.4204735Z Terms and Conditions
2026-10-03T09:06:21.4205139Z 
2026-10-03T09:06:21.4205738Z This is the Google TV Add-on for the Android Software Development Kit License Agreement.
2026-10-03T09:06:21.4206529Z 
2026-10-03T09:06:21.4206875Z 1. Introduction
2026-10-03T09:06:21.4207262Z 
2026-10-03T09:06:21.4210306Z 1.1 The Google TV Add-on for the Android Software Development Kit (referred to in this License Agreement as the "Google TV Add-on" and specifically including the Android system files, packaged APIs, and Google APIs add-ons) is licensed to you subject to the terms of this License Agreement. This License Agreement forms a legally binding contract between you and Google in relation to your use of the Google TV Add-on.
2026-10-03T09:06:21.4213349Z 
2026-10-03T09:06:21.4214490Z 1.2 "Google" means Google Inc., a Delaware corporation with principal place of business at 1600 Amphitheatre Parkway, Mountain View, CA 94043, United States.
2026-10-03T09:06:21.4215711Z 
2026-10-03T09:06:21.4216057Z 2. Accepting this License Agreement
2026-10-03T09:06:21.4216559Z 
2026-10-03T09:06:21.4217832Z 2.1 In order to use the Google TV Add-on, you must first agree to this License Agreement. You may not use the Google TV Add-on if you do not accept this License Agreement.
2026-10-03T09:06:21.4219512Z 
2026-10-03T09:06:21.4219941Z 2.2 You can accept this License Agreement by:
2026-10-03T09:06:21.4220490Z 
2026-10-03T09:06:21.4221204Z (A) clicking to accept or agree to this License Agreement, where this option is made available to you; or
2026-10-03T09:06:21.4222125Z 
2026-10-03T09:06:21.4223204Z (B) by actually using the Google TV Add-on. In this case, you agree that use of the Google TV Add-on constitutes acceptance of the License Agreement from that point onwards.
2026-10-03T09:06:21.4236246Z 
2026-10-03T09:06:21.4238397Z 2.3 You may not use the Google TV Add-on and may not accept the Licensing Agreement if you are a person barred from receiving the Google TV Add-on under the laws of the United States or other countries including the country in which you are resident or from which you use the Google TV Add-on.
2026-10-03T09:06:21.4240391Z 
2026-10-03T09:06:21.4242764Z 2.4 If you are agreeing to be bound by this License Agreement on behalf of your employer or other entity, you represent and warrant that you have full legal authority to bind your employer or such entity to this License Agreement. If you do not have the requisite authority, you may not accept the Licensing Agreement or use the Google TV Add-on on behalf of your employer or other entity.
2026-10-03T09:06:21.4245348Z 
2026-10-03T09:06:21.4245734Z 3. Google TV Add-on License from Google
2026-10-03T09:06:21.4246239Z 
2026-10-03T09:06:21.4247999Z 3.1 Subject to the terms of this License Agreement, Google grants you a limited, worldwide, royalty-free, non- assignable and non-exclusive license to use the Google TV Add-on solely to develop applications to run on the Google TV platform.
2026-10-03T09:06:21.4249719Z 
2026-10-03T09:06:21.4252281Z 3.2 You agree that Google or third parties own all legal right, title and interest in and to the Google TV Add-on, including any Intellectual Property Rights that subsist in the Google TV Add-on. "Intellectual Property Rights" means any and all rights under patent law, copyright law, trade secret law, trademark law, and any and all other proprietary rights. Google reserves all rights not expressly granted to you.
2026-10-03T09:06:21.4255001Z 
2026-10-03T09:06:21.4258965Z 3.3 Except to the extent required by applicable third party licenses, you may not copy (except for backup purposes), modify, adapt, redistribute, decompile, reverse engineer, disassemble, or create derivative works of the Google TV Add-on or any part of the Google TV Add-on. Except to the extent required by applicable third party licenses, you may not load any part of the Google TV Add-on onto a mobile handset, television, or any other hardware device except a personal computer, combine any part of the Google TV Add-on with other software, or distribute any software or device incorporating a part of the Google TV Add-on.
2026-10-03T09:06:21.4267386Z 
2026-10-03T09:06:21.4269170Z 3.4 Use, reproduction and distribution of components of the Google TV Add-on licensed under an open source software license are governed solely by the terms of that open source software license and not this License Agreement.
2026-10-03T09:06:21.4270798Z 
2026-10-03T09:06:21.4273851Z 3.5 You agree that the form and nature of the Google TV Add-on that Google provides may change without prior notice to you and that future versions of the Google TV Add-on may be incompatible with applications developed on previous versions of the Google TV Add-on. You agree that Google may stop (permanently or temporarily) providing the Google TV Add-on (or any features within the Google TV Add-on) to you or to users generally at Google's sole discretion, without prior notice to you.
2026-10-03T09:06:21.4276985Z 
2026-10-03T09:06:21.4279009Z 3.6 Nothing in this License Agreement gives you a right to use any of Google's or it’s licensors’ trade names, trademarks, service marks, logos, domain names, or other distinctive brand features.
2026-10-03T09:06:21.4283674Z 
2026-10-03T09:06:21.4285280Z 3.7 You agree that you will not remove, obscure, or alter any proprietary rights notices (including copyright and trademark notices) that may be affixed to or contained within the Google TV Add-on.
2026-10-03T09:06:21.4286757Z 
2026-10-03T09:06:21.4287121Z 4. Use of the Google TV Add-on by You
2026-10-03T09:06:21.4287918Z 
2026-10-03T09:06:21.4289660Z 4.1 Google agrees that it obtains no right, title or interest from you (or your licensors) under this License Agreement in or to any software applications that you develop using the Google TV Add-on, including any intellectual property rights that subsist in those applications.
2026-10-03T09:06:21.4291601Z 
2026-10-03T09:06:21.4293858Z 4.2 You agree to use the Google TV Add-on and write applications only for purposes that are permitted by (a) this License Agreement and (b) any applicable law, regulation or generally accepted practices or guidelines in the relevant jurisdictions (including any laws regarding the export of data or software to and from the United States or other relevant countries).
2026-10-03T09:06:21.4296293Z 
2026-10-03T09:06:21.4301354Z 4.3 You agree that if you use the Google TV Add-on to develop applications for general public users, you will protect the privacy and legal rights of those users. If the users provide you with user names, passwords, or other login information or personal information, your must make the users aware that the information will be available to your application, and you must provide legally adequate privacy notice and protection for those users. If your application stores personal or sensitive information provided by users, it must do so securely. If the user provides your application with Google Account information, your application may only use that information to access the user's Google Account when, and for the limited purposes for which, the user has given you explicit permission to do so.
2026-10-03T09:06:21.4306474Z 
2026-10-03T09:06:21.4309278Z 4.4 You agree that you will not engage in any activity with the Google TV Add-on, including the development or distribution of an application, that interferes with, disrupts, damages, or accesses in an unauthorized manner the servers, networks, or other properties or services of any third party including, but not limited to, Google, Multichannel Video Program Distributors or any mobile communications carrier.
2026-10-03T09:06:21.4315832Z 
2026-10-03T09:06:21.4318623Z 4.5 You agree that you are solely responsible for (and that Google has no responsibility to you or to any third party for) any data, content, or resources that you create, transmit or display through the Google TV platform and/or applications for the Google TV platform, and for the consequences of your actions (including any loss or damage which Google may suffer) by doing so.
2026-10-03T09:06:21.4321148Z 
2026-10-03T09:06:21.4323598Z 4.6 You agree that you are solely responsible for (and that Google has no responsibility to you or to any third party for) any breach of your obligations under this License Agreement, any applicable third party contract or Terms of Service, or any applicable law or regulation, and for the consequences (including any loss or damage which Google or any third party may suffer) of any such breach.
2026-10-03T09:06:21.4329639Z 
2026-10-03T09:06:21.4330052Z 5. Your Developer Credentials
2026-10-03T09:06:21.4330585Z 
2026-10-03T09:06:21.4332425Z 5.1 You agree that you are responsible for maintaining the confidentiality of any developer credentials that may be issued to you by Google or which you may choose yourself and that you will be solely responsible for all applications that are developed under your developer credentials.
2026-10-03T09:06:21.4335844Z 
2026-10-03T09:06:21.4336233Z 6. Privacy and Information
2026-10-03T09:06:21.4336710Z 
2026-10-03T09:06:21.4340307Z 6.1 In order to continually innovate and improve the Google TV Add-on, Google may collect certain usage statistics from the software including but not limited to a unique identifier, associated IP address, version number of the software, and information on which tools and/or services in the Google TV Add-on are being used and how they are being used. Before any of this information is collected, the Google TV Add-on will notify you and seek your consent. If you withhold consent, the information will not be collected.
2026-10-03T09:06:21.4343626Z 
2026-10-03T09:06:21.4344898Z 6.2 The data collected is examined in the aggregate to improve the Google TV Add-on and is maintained in accordance with Google's Privacy Policy.
2026-10-03T09:06:21.4346055Z 
2026-10-03T09:06:21.4346490Z 7. Third Party Applications for the Google TV Platform
2026-10-03T09:06:21.4347070Z 
2026-10-03T09:06:21.4350929Z 7.1 If you use the Google TV Add-on to run applications developed by a third party or that access data, content or resources provided by a third party, you agree that Google is not responsible for those applications, data, content, or resources. You understand that all data, content or resources which you may access through such third party applications are the sole responsibility of the person from which they originated and that Google is not liable for any loss or damage that you may experience as a result of the use or access of any of those third party applications, data, content, or resources.
2026-10-03T09:06:21.4354552Z 
2026-10-03T09:06:21.4357283Z 7.2 You should be aware the data, content, and resources presented to you through such a third party application may be protected by intellectual property rights which are owned by the providers (or by other persons or companies on their behalf). You may not modify, rent, lease, loan, sell, distribute or create derivative works based on these data, content, or resources (either in whole or in part) unless you have been specifically given permission to do so by the relevant owners.
2026-10-03T09:06:21.4377285Z 
2026-10-03T09:06:21.4379345Z 7.3 You acknowledge that your use of such third party applications, data, content, or resources may be subject to separate terms between you and the relevant third party. In that case, this License Agreement does not affect your legal relationship with these third parties.
2026-10-03T09:06:21.4389796Z 
2026-10-03T09:06:21.4390223Z 8. Using Google TV APIs
2026-10-03T09:06:21.4390685Z 
2026-10-03T09:06:21.4395707Z 8.1 If you use any Google TV API to retrieve data from Google, you acknowledge that the data (“Google TV API Content”) may be protected by intellectual property rights which are owned by Google or those parties that provide the data (or by other persons or companies on their behalf). Your use of any such API may be subject to additional Terms of Service. You may not modify, rent, lease, loan, sell, distribute or create derivative works based on this data (either in whole or in part) unless allowed by the relevant Terms of Service. Some portions of the Google TV API Content are licensed to Google by third parties, including but not limited to Tribune Media Services
2026-10-03T09:06:21.4411607Z 
2026-10-03T09:06:21.4413236Z 8.2 If you use any API to retrieve a user's data from Google, you acknowledge and agree that you shall retrieve data only with the user's explicit consent and only when, and for the limited purposes for which, the user has given you permission to do so.
2026-10-03T09:06:21.4414989Z 
2026-10-03T09:06:21.4415612Z 8.3 Except as explicitly permitted in Section 3 (Google TV Add-on License from Google), you must:
2026-10-03T09:06:21.4416440Z 
2026-10-03T09:06:21.4417490Z (a) not modify nor format the Google TV API Content except to the extent reasonably and technically necessary to optimize the display such Google TV API Content in your application;
2026-10-03T09:06:21.4419021Z 
2026-10-03T09:06:21.4420201Z (b) not edit the Google TV API Content in a manner that renders the Google TV API Content inaccurate of alters its inherent meaning (provided that displaying excerpts will not violate the foregoing); or
2026-10-03T09:06:21.4421528Z 
2026-10-03T09:06:21.4422133Z (c) not create any commercial audience measurement tool or service using the Google TV API Content
2026-10-03T09:06:21.4422917Z 
2026-10-03T09:06:21.4423519Z 9. Terminating this License Agreement
2026-10-03T09:06:21.4424019Z 
2026-10-03T09:06:21.4424690Z 9.1 This License Agreement will continue to apply until terminated by either you or Google as set out below.
2026-10-03T09:06:21.4425537Z 
2026-10-03T09:06:21.4426399Z 9.2 If you want to terminate this License Agreement, you may do so by ceasing your use of the Google TV Add-on and any relevant developer credentials.
2026-10-03T09:06:21.4427418Z 
2026-10-03T09:06:21.4428092Z 9.3 Google may at any time, terminate this License Agreement with you if:
2026-10-03T09:06:21.4428717Z 
2026-10-03T09:06:21.4429155Z (A) you have breached any provision of this License Agreement; or
2026-10-03T09:06:21.4429745Z 
2026-10-03T09:06:21.4430080Z (B) Google is required to do so by law; or
2026-10-03T09:06:21.4430535Z 
2026-10-03T09:06:21.4431703Z (C) the partner with whom Google offered certain parts of Google TV Add-on (such as APIs) to you has terminated its relationship with Google or ceased to offer certain parts of the Google TV Add-on to you; or
2026-10-03T09:06:21.4433030Z 
2026-10-03T09:06:21.4434831Z (D) Google decides to no longer providing the Google TV Add-on or certain parts of the Google TV Add-on to users in the country in which you are resident or from which you use the service, or the provision of the Google TV Add-on or certain Google TV Add-on services to you by Google is, in Google's sole discretion, no longer commercially viable.
2026-10-03T09:06:21.4436811Z 
2026-10-03T09:06:21.4439771Z 9.4 When this License Agreement comes to an end, all of the legal rights, obligations and liabilities that you and Google have benefited from, been subject to (or which have accrued over time whilst this License Agreement has been in force) or which are expressed to continue indefinitely, shall be unaffected by this cessation, and the provisions of paragraph 14.7 shall continue to apply to such rights, obligations and liabilities indefinitely.
2026-10-03T09:06:21.4444171Z 
2026-10-03T09:06:21.4444513Z 10. DISCLAIMER OF WARRANTIES
2026-10-03T09:06:21.4445194Z 
2026-10-03T09:06:21.4446227Z 10.1 YOU EXPRESSLY UNDERSTAND AND AGREE THAT YOUR USE OF THE GOOGLE TV ADD-ON IS AT YOUR SOLE RISK AND THAT THE GOOGLE TV ADD-ON IS PROVIDED "AS IS" AND "AS AVAILABLE" WITHOUT WARRANTY OF ANY KIND FROM GOOGLE.
2026-10-03T09:06:21.4447917Z 
2026-10-03T09:06:21.4449479Z 10.2 YOUR USE OF THE GOOGLE TV ADD-ON AND ANY MATERIAL DOWNLOADED OR OTHERWISE OBTAINED THROUGH THE USE OF THE GOOGLE TV ADD-ON IS AT YOUR OWN DISCRETION AND RISK AND YOU ARE SOLELY RESPONSIBLE FOR ANY DAMAGE TO YOUR COMPUTER SYSTEM OR OTHER DEVICE OR LOSS OF DATA THAT RESULTS FROM SUCH USE.
2026-10-03T09:06:21.4451213Z 
2026-10-03T09:06:21.4452632Z 10.3 GOOGLE FURTHER EXPRESSLY DISCLAIMS ALL WARRANTIES AND CONDITIONS OF ANY KIND, WHETHER EXPRESS OR IMPLIED, INCLUDING, BUT NOT LIMITED TO THE IMPLIED WARRANTIES AND CONDITIONS OF MERCHANTABILITY, FITNESS FOR A PARTICULAR PURPOSE AND NON-INFRINGEMENT.
2026-10-03T09:06:21.4454175Z 
2026-10-03T09:06:21.4454338Z 11. LIMITATION OF LIABILITY
2026-10-03T09:06:21.4454601Z 
2026-10-03T09:06:21.4457018Z 11.1 YOU EXPRESSLY UNDERSTAND AND AGREE THAT GOOGLE, ITS SUBSIDIARIES AND AFFILIATES, AND ITS LICENSORS SHALL NOT BE LIABLE TO YOU UNDER ANY THEORY OF LIABILITY FOR ANY DIRECT, INDIRECT, INCIDENTAL, SPECIAL CONSEQUENTIAL OR EXEMPLARY DAMAGES THAT MAY BE INCURRED BY YOU, INCLUDING ANY LOSS OF DATA, WHETHER OR NOT GOOGLE OR ITS REPRESENTATIVES HAVE BEEN ADVISED OF OR SHOULD HAVE BEEN AWARE OF THE POSSIBILITY OF ANY SUCH LOSSES ARISING.
2026-10-03T09:06:21.4459839Z 
2026-10-03T09:06:21.4459992Z 12. Indemnification
2026-10-03T09:06:21.4460204Z 
2026-10-03T09:06:21.4464584Z 12.1 To the maximum extent permitted by law, you agree to defend, indemnify and hold harmless Google, its affiliates and their respective directors, officers, employees and agents from and against any and all claims, actions, suits or proceedings, as well as any and all losses, liabilities, damages, costs and expenses (including reasonable attorneys fees) arising out of or accruing from (a) your use of the Google TV Add-on, (b) any application you develop on the Google TV Add-on that infringes any copyright, trademark, trade secret, trade dress, patent or other intellectual property right of any person or defames any person or violates their rights of publicity or privacy, and (c) any non-compliance by you with this License Agreement.
2026-10-03T09:06:21.4469009Z 
2026-10-03T09:06:21.4469178Z 13. Changes to the License Agreement
2026-10-03T09:06:21.4469483Z 
2026-10-03T09:06:21.4470008Z 13.1 Google may make changes to the License Agreement as it distributes new versions of the Google TV Add-on.
2026-10-03T09:06:21.4470711Z 
2026-10-03T09:06:21.4470858Z 14. General Legal Terms
2026-10-03T09:06:21.4471082Z 
2026-10-03T09:06:21.4472890Z 14.1 This License Agreement constitute the whole legal agreement between you and Google and govern your use of the Google TV Add-on (excluding any services which Google may provide to you under a separate written agreement), and completely replace any prior agreements between you and Google in relation to the Google TV Add-on.
2026-10-03T09:06:21.4474833Z 
2026-10-03T09:06:21.4476516Z 14.2 You agree that if Google does not exercise or enforce any legal right or remedy which is contained in this License Agreement (or which Google has the benefit of under any applicable law), this will not be taken to be a formal waiver of Google's rights and that those rights or remedies will still be available to Google.
2026-10-03T09:06:21.4478585Z 
2026-10-03T09:06:21.4480505Z 14.3 If any court of law, having the jurisdiction to decide on this matter, rules that any provision of this License Agreement is invalid, then that provision will be removed from this License Agreement without affecting the rest of this License Agreement. The remaining provisions of this License Agreement will continue to be valid and enforceable.
2026-10-03T09:06:21.4482564Z 
2026-10-03T09:06:21.4485929Z 14.4 You acknowledge and agree that Google’s API data licensors and each member of the group of companies of which Google is the parent shall be third party beneficiaries to this License Agreement and that such other companies shall be entitled to directly enforce, and rely upon, any provision of this License Agreement that confers a benefit on (or rights in favor of) them. Other than this, no other person or company shall be third party beneficiaries to this License Agreement.
2026-10-03T09:06:21.4489231Z 
2026-10-03T09:06:21.4490822Z 14.5 EXPORT RESTRICTIONS. THE GOOGLE TV ADD-ON IS SUBJECT TO UNITED STATES EXPORT LAWS AND REGULATIONS. YOU MUST COMPLY WITH ALL DOMESTIC AND INTERNATIONAL EXPORT LAWS AND REGULATIONS THAT APPLY TO THE GOOGLE TV ADD-ON. THESE LAWS INCLUDE RESTRICTIONS ON DESTINATIONS, END USERS AND END USE.
2026-10-03T09:06:21.4492618Z 
2026-10-03T09:06:21.4494513Z 14.6 The rights granted in this License Agreement may not be assigned or transferred by either you or Google without the prior written approval of the other party. Neither you nor Google shall be permitted to delegate their responsibilities or obligations under this License Agreement without the prior written approval of the other party.
2026-10-03T09:06:21.4496560Z 
2026-10-03T09:06:21.4499997Z 14.7 This License Agreement, and your relationship with Google under this License Agreement, shall be governed by the laws of the State of California without regard to its conflict of laws provisions. You and Google agree to submit to the exclusive jurisdiction of the courts located within the county of Santa Clara, California to resolve any legal matter arising from this License Agreement. Notwithstanding this, you agree that Google shall still be allowed to apply for injunctive remedies (or an equivalent type of urgent legal relief) in any jurisdiction.
2026-10-03T09:06:21.4503200Z 
2026-10-03T09:06:21.4503207Z 
2026-10-03T09:06:21.4503351Z August 15, 2011
2026-10-03T09:06:21.4503679Z ---------------------------------------
2026-10-03T09:06:21.4504095Z Accept? (y/N): 
2026-10-03T09:06:21.4504451Z 2/6: License android-googlexr-license:
2026-10-03T09:06:21.4505077Z ---------------------------------------
2026-10-03T09:06:21.4506701Z To get started with the Android XR Emulator System Image SDK, you must agree to the following terms and conditions. As described below, please note that this is a preview, emulated version of the Android XR OS, subject to change, that you use at your own risk.
2026-10-03T09:06:21.4508377Z 
2026-10-03T09:06:21.4508654Z This is the Android XR Emulator System Image SDK License Agreement
2026-10-03T09:06:21.4509122Z 
2026-10-03T09:06:21.4509258Z 1. Introduction
2026-10-03T09:06:21.4509448Z 
2026-10-03T09:06:21.4511900Z 1.1 The Android Android XR Emulator System Image SDK (referred to in the License Agreement as the "SDK" and specifically including the Android system files,, packaged APIs, library files (if and when they are made available), and Google applications and APIs add-ons) is licensed to you subject to the terms of the License Agreement. The License Agreement forms a legally binding contract between you and Google in relation to your use of the SDK.
2026-10-03T09:06:21.4514592Z 
2026-10-03T09:06:21.4515764Z 1.2 "Android" means the Android software stack for devices, as made available under the Android Open Source Project, which is located at the following URL: https://source.android.com/, as updated from time to time.
2026-10-03T09:06:21.4517059Z 
2026-10-03T09:06:21.4518397Z 1.3 "Google" means Google LLC, organized under the laws of the State of Delaware, USA, and operating under the laws of the USA with principal place of business at 1600 Amphitheatre Parkway, Mountain View, CA 94043, USA.
2026-10-03T09:06:21.4519708Z 
2026-10-03T09:06:21.4519886Z 2. Accepting this License Agreement
2026-10-03T09:06:21.4520173Z 
2026-10-03T09:06:21.4520881Z 2.1 In order to use the SDK, you must first agree to the License Agreement. You may not use the SDK if you do not accept the License Agreement.
2026-10-03T09:06:21.4521796Z 
2026-10-03T09:06:21.4522299Z 2.2 By clicking to accept and/or using this SDK, you hereby agree to the terms of the License Agreement.
2026-10-03T09:06:21.4522966Z 
2026-10-03T09:06:21.4524351Z 2.3 You may not use the SDK and may not accept the License Agreement if you are a person barred from receiving the SDK under the laws of the United States or other countries, including the country in which you are resident or from which you use the SDK.
2026-10-03T09:06:21.4526083Z 
2026-10-03T09:06:21.4527472Z 2.4 If you are agreeing to be bound by the License Agreement on behalf of your employer or other entity, you represent and warrant that you have full legal authority to bind your employer or such entity to the License Agreement. If you do not have the requisite authority, you may not accept the License Agreement or use the SDK on behalf of your employer or other entity.
2026-10-03T09:06:21.4529037Z 
2026-10-03T09:06:21.4529155Z 3. SDK License from Google
2026-10-03T09:06:21.4529327Z 
2026-10-03T09:06:21.4530086Z 3.1 Subject to the terms of the License Agreement, Google grants you a limited, worldwide, royalty-free, non-assignable, non-exclusive, and non-sublicensable license to use the SDK solely to develop applications for Android XR.
2026-10-03T09:06:21.4530927Z 
2026-10-03T09:06:21.4531631Z 3.2 You may not use this SDK to develop applications for other platforms or to develop another SDK. You are of course free to develop applications for other platforms provided that this SDK is not used for that purpose.
2026-10-03T09:06:21.4532420Z 
2026-10-03T09:06:21.4533700Z 3.3 You agree that Google or third parties own all legal right, title and interest in and to the SDK, including any Intellectual Property Rights that subsist in the SDK. "Intellectual Property Rights" means any and all rights under patent law, copyright law, trade secret law, trademark law, and any and all other proprietary rights. Google reserves all rights not expressly granted to you.
2026-10-03T09:06:21.4535053Z 
2026-10-03T09:06:21.4537067Z 3.4 You may not use the SDK for any purpose not expressly permitted by the License Agreement. Except to the extent required by applicable third party licenses, you may not (a) copy (except for backup purposes), modify, adapt, redistribute, decompile, reverse engineer, disassemble, or create derivative works of the SDK or any part of the SDK; or (b) load any part of the SDK onto a mobile handset or any other hardware device except a personal computer, combine any part of the SDK with other software, or distribute any software or device incorporating a part of the SDK.
2026-10-03T09:06:21.4539179Z 
2026-10-03T09:06:21.4540544Z 3.5 Use, reproduction and distribution of components of the SDK licensed under an open source software license are governed solely by the terms of that open source software license and not the License Agreement. You agree to remain a licensee in good standing in regard to such open source software licenses under all the rights granted and to refrain from any actions that may terminate, suspend, or breach such rights.
2026-10-03T09:06:21.4541978Z 
2026-10-03T09:06:21.4543326Z 3.6 You agree that the form and nature of the SDK that Google provides may change without prior notice to you and that future versions of the SDK may be incompatible with applications developed on previous versions of the SDK. You agree that Google may stop (permanently or temporarily) providing the SDK (or any features within the SDK) to you or to users generally at Google's sole discretion, without prior notice to you.
2026-10-03T09:06:21.4544775Z 
2026-10-03T09:06:21.4545305Z 3.7 Nothing in the License Agreement gives you a right to use any of Google's trade names, trademarks, service marks, logos, domain names, or other distinctive brand features.
2026-10-03T09:06:21.4545918Z 
2026-10-03T09:06:21.4546487Z 3.8 You agree that you will not remove, obscure, or alter any proprietary rights notices (including copyright and trademark notices) that may be affixed to or contained within the SDK.
2026-10-03T09:06:21.4547407Z 
2026-10-03T09:06:21.4547736Z 4. Use of the SDK by You
2026-10-03T09:06:21.4547922Z 
2026-10-03T09:06:21.4548910Z 4.1 Google agrees that it obtains no right, title or interest from you (or your licensors) under the License Agreement in or to any software applications that you develop using the SDK, including any intellectual property rights that subsist in those applications.
2026-10-03T09:06:21.4550074Z 
2026-10-03T09:06:21.4551219Z 4.2 You agree to use the SDK and write applications only for purposes that are permitted by (a) the License Agreement and (b) any applicable law, regulation or generally accepted practices or guidelines in the relevant jurisdictions (including any laws regarding the export of data or software to and from the United States or other relevant countries).
2026-10-03T09:06:21.4552438Z 
2026-10-03T09:06:21.4555009Z 4.3 You agree that if you use the SDK to develop applications for general public users, you will protect the privacy and legal rights of those users. If the users provide you with user names, passwords, or other login information or personal information, you must make the users aware that the information will be available to your application, and you must provide legally adequate privacy notice and protection for those users. If your application stores personal or sensitive information provided by users, it must do so securely. If the user provides your application with Google Account information, your application may only use that information to access the user's Google Account when, and for the limited purposes for which, the user has given you permission to do so.
2026-10-03T09:06:21.4557877Z 
2026-10-03T09:06:21.4559093Z 4.4 You agree that you will not engage in any activity with the SDK, including the development or distribution of an application, that interferes with, disrupts, damages, or accesses in an unauthorized manner the servers, networks, or other properties or services of any third party including, but not limited to, Google or any mobile communications carrier.
2026-10-03T09:06:21.4561911Z 
2026-10-03T09:06:21.4564061Z 4.5 You agree that you are solely responsible for (and that Google has no responsibility to you or to any third party for) any data, content, or resources that you create, transmit or display through Android and/or applications for Android, and for the consequences of your actions (including any loss or damage which Google may suffer) by doing so.
2026-10-03T09:06:21.4566163Z 
2026-10-03T09:06:21.4568675Z 4.6 You agree that you are solely responsible for (and that Google has no responsibility to you or to any third party for) any breach of your obligations under the License Agreement, any applicable third party contract or Terms of Service, or any applicable law or regulation, and for the consequences (including any loss or damage which Google or any third party may suffer) of any such breach.
2026-10-03T09:06:21.4571114Z 
2026-10-03T09:06:21.4572814Z 4.7 The SDK is in development, and your testing and feedback are an important part of the development process. By using the SDK, you acknowledge that implementation of some features are still under development and that you should not rely on the SDK having the full functionality of a stable release.
2026-10-03T09:06:21.4574600Z 
2026-10-03T09:06:21.4574770Z 5. Your Developer Credentials
2026-10-03T09:06:21.4575036Z 
2026-10-03T09:06:21.4576609Z 5.1 You agree that you are responsible for maintaining the confidentiality of any developer credentials that may be issued to you by Google or which you may choose yourself and that you will be solely responsible for all applications that are developed under your developer credentials.
2026-10-03T09:06:21.4578581Z 
2026-10-03T09:06:21.4578740Z 6. Privacy and Information
2026-10-03T09:06:21.4579006Z 
2026-10-03T09:06:21.4581776Z 6.1 In order to continually innovate and improve the SDK, Google may collect certain usage statistics from the software including but not limited to a unique identifier, associated IP address, version number of the software, and information on which tools and/or services in the SDK are being used and how they are being used. Before any of this information is collected, the SDK will notify you and seek your consent. If you withhold consent, the information will not be collected.
2026-10-03T09:06:21.4584711Z 
2026-10-03T09:06:21.4585858Z 6.2 The data collected is examined in the aggregate to improve the SDK and is maintained in accordance with Google's Privacy Policy, which is located at the following URL: https://policies.google.com/privacy
2026-10-03T09:06:21.4587361Z 
2026-10-03T09:06:21.4588139Z 6.3 Anonymized and aggregated sets of the data may be shared with Google partners to improve the SDK.
2026-10-03T09:06:21.4588840Z 
2026-10-03T09:06:21.4589009Z 7. Third Party Applications
2026-10-03T09:06:21.4589277Z 
2026-10-03T09:06:21.4592743Z 7.1 If you use the SDK to run applications developed by a third party or that access data, content or resources provided by a third party, you agree that Google is not responsible for those applications, data, content, or resources. You understand that all data, content or resources which you may access through such third party applications are the sole responsibility of the person from which they originated and that Google is not liable for any loss or damage that you may experience as a result of the use or access of any of those third party applications, data, content, or resources.
2026-10-03T09:06:21.4596341Z 
2026-10-03T09:06:21.4599354Z 7.2 You should be aware that the data, content, and resources presented to you through such a third party application may be protected by intellectual property rights which are owned by the providers (or by other persons or companies on their behalf). You may not modify, rent, lease, loan, sell, distribute or create derivative works based on these data, content, or resources (either in whole or in part) unless you have been specifically given permission to do so by the relevant owners.
2026-10-03T09:06:21.4602353Z 
2026-10-03T09:06:21.4604062Z 7.3 You acknowledge that your use of such third party applications, data, content, or resources may be subject to separate terms between you and the relevant third party. In that case, the License Agreement does not affect your legal relationship with these third parties.
2026-10-03T09:06:21.4605771Z 
2026-10-03T09:06:21.4605925Z 8. Using Android APIs
2026-10-03T09:06:21.4606160Z 
2026-10-03T09:06:21.4606303Z 8.1 Google Data APIs
2026-10-03T09:06:21.4606523Z 
2026-10-03T09:06:21.4609533Z 8.1.1 If you use any API to retrieve data from Google, you acknowledge that the data may be protected by intellectual property rights which are owned by Google or those parties that provide the data (or by other persons or companies on their behalf). Your use of any such API may be subject to additional Terms of Service. You may not modify, rent, lease, loan, sell, distribute or create derivative works based on this data (either in whole or in part) unless allowed by the relevant Terms of Service.
2026-10-03T09:06:21.4612561Z 
2026-10-03T09:06:21.4617392Z 8.1.2 If you use any API to retrieve a user's data from Google, you acknowledge and agree that you shall retrieve data only with the user's explicit consent and only when, and for the limited purposes for which, the user has given you permission to do so. If you use the Android Recognition Service API, documented at the following URL: https://developer.android.com/reference/android/speech/RecognitionService, as updated from time to time, you acknowledge that the use of the API is subject to the Data Processing Addendum for Products where Google is a Data Processor, which is located at the following URL: https://privacy.google.com/businesses/gdprprocessorterms/, as updated from time to time. By clicking to accept, you hereby agree to the terms of the Data Processing Addendum for Products where Google is a Data Processor.
2026-10-03T09:06:21.4622686Z 
2026-10-03T09:06:21.4622878Z 9. Terminating this License Agreement
2026-10-03T09:06:21.4623195Z 
2026-10-03T09:06:21.4623738Z 9.1 The License Agreement will continue to apply until terminated by either you or Google as set out below.
2026-10-03T09:06:21.4659460Z 
2026-10-03T09:06:21.4660230Z 9.2 If you want to terminate the License Agreement, you may do so by ceasing your use of the SDK and any relevant developer credentials.
2026-10-03T09:06:21.4661131Z 
2026-10-03T09:06:21.4664801Z 9.3 Google may at any time, terminate the License Agreement with you if: (A) you have breached any provision of the License Agreement; or (B) Google is required to do so by law; or (C) the partner with whom Google offered certain parts of SDK (such as APIs) to you has terminated its relationship with Google or ceased to offer certain parts of the SDK to you; or (D) Google decides to no longer provide the SDK or certain parts of the SDK to users in the country in which you are resident or from which you use the service, or the provision of the SDK or certain SDK services to you by Google is, in Google's sole discretion, no longer commercially viable.
2026-10-03T09:06:21.4669317Z 
2026-10-03T09:06:21.4671950Z 9.4 When the License Agreement comes to an end, all of the legal rights, obligations and liabilities that you and Google have benefited from, been subject to (or which have accrued over time whilst the License Agreement has been in force) or which are expressed to continue indefinitely, shall be unaffected by this cessation, and the provisions of paragraph 14.7 shall continue to apply to such rights, obligations and liabilities indefinitely.
2026-10-03T09:06:21.4674727Z 
2026-10-03T09:06:21.4674903Z 10. DISCLAIMER OF WARRANTIES
2026-10-03T09:06:21.4675225Z 
2026-10-03T09:06:21.4676169Z 10.1 YOU EXPRESSLY UNDERSTAND AND AGREE THAT YOUR USE OF THE SDK IS AT YOUR SOLE RISK AND THAT THE SDK IS PROVIDED "AS IS" AND "AS AVAILABLE" WITHOUT WARRANTY OF ANY KIND FROM GOOGLE.
2026-10-03T09:06:21.4677280Z 
2026-10-03T09:06:21.4678923Z 10.2 YOUR USE OF THE SDK AND ANY MATERIAL DOWNLOADED OR OTHERWISE OBTAINED THROUGH THE USE OF THE SDK IS AT YOUR OWN DISCRETION AND RISK AND YOU ARE SOLELY RESPONSIBLE FOR ANY DAMAGE TO YOUR COMPUTER SYSTEM OR OTHER DEVICE OR LOSS OF DATA THAT RESULTS FROM SUCH USE.
2026-10-03T09:06:21.4680535Z 
2026-10-03T09:06:21.4682132Z 10.3 GOOGLE FURTHER EXPRESSLY DISCLAIMS ALL WARRANTIES AND CONDITIONS OF ANY KIND, WHETHER EXPRESS OR IMPLIED, INCLUDING, BUT NOT LIMITED TO THE IMPLIED WARRANTIES AND CONDITIONS OF MERCHANTABILITY, FITNESS FOR A PARTICULAR PURPOSE AND NON-INFRINGEMENT.
2026-10-03T09:06:21.4683656Z 
2026-10-03T09:06:21.4683827Z 11. LIMITATION OF LIABILITY
2026-10-03T09:06:21.4684105Z 
2026-10-03T09:06:21.4686370Z 11.1 YOU EXPRESSLY UNDERSTAND AND AGREE THAT GOOGLE, ITS SUBSIDIARIES AND AFFILIATES, AND ITS LICENSORS SHALL NOT BE LIABLE TO YOU UNDER ANY THEORY OF LIABILITY FOR ANY DIRECT, INDIRECT, INCIDENTAL, SPECIAL, CONSEQUENTIAL OR EXEMPLARY DAMAGES THAT MAY BE INCURRED BY YOU, INCLUDING ANY LOSS OF DATA, WHETHER OR NOT GOOGLE OR ITS REPRESENTATIVES HAVE BEEN ADVISED OF OR SHOULD HAVE BEEN AWARE OF THE POSSIBILITY OF ANY SUCH LOSSES ARISING.
2026-10-03T09:06:21.4688270Z 
2026-10-03T09:06:21.4688376Z 12. Indemnification
2026-10-03T09:06:21.4688625Z 
2026-10-03T09:06:21.4691728Z 12.1 To the maximum extent permitted by law, you agree to defend, indemnify and hold harmless Google, its affiliates and their respective directors, officers, employees and agents from and against any and all claims, actions, suits or proceedings, as well as any and all losses, liabilities, damages, costs and expenses (including reasonable attorneys fees) arising out of or accruing from (a) your use of the SDK, (b) any application you develop on the SDK that infringes any copyright, trademark, trade secret, trade dress, patent or other intellectual property right of any person or defames any person or violates their rights of publicity or privacy, and (c) any non-compliance by you with the License Agreement.
2026-10-03T09:06:21.4694201Z 
2026-10-03T09:06:21.4694315Z 13. Changes to the License Agreement
2026-10-03T09:06:21.4694506Z 
2026-10-03T09:06:21.4695270Z 13.1 Google may make changes to the License Agreement as it distributes new versions of the SDK. When these changes are made, Google will make a new version of the License Agreement available on the website where the SDK is made available.
2026-10-03T09:06:21.4696341Z 
2026-10-03T09:06:21.4696456Z 14. General Legal Terms
2026-10-03T09:06:21.4696727Z 
2026-10-03T09:06:21.4698519Z 14.1 The License Agreement constitutes the whole legal agreement between you and Google and governs your use of the SDK (excluding any services which Google may provide to you under a separate written agreement), and completely replaces any prior agreements between you and Google in relation to the SDK.
2026-10-03T09:06:21.4699823Z 
2026-10-03T09:06:21.4700846Z 14.2 You agree that if Google does not exercise or enforce any legal right or remedy which is contained in the License Agreement (or which Google has the benefit of under any applicable law), this will not be taken to be a formal waiver of Google's rights and that those rights or remedies will still be available to Google.
2026-10-03T09:06:21.4701949Z 
2026-10-03T09:06:21.4703076Z 14.3 If any court of law, having the jurisdiction to decide on this matter, rules that any provision of the License Agreement is invalid, then that provision will be removed from the License Agreement without affecting the rest of the License Agreement. The remaining provisions of the License Agreement will continue to be valid and enforceable.
2026-10-03T09:06:21.4704279Z 
2026-10-03T09:06:21.4705733Z 14.4 You acknowledge and agree that each member of the group of companies of which Google is the parent shall be third party beneficiaries to the License Agreement and that such other companies shall be entitled to directly enforce, and rely upon, any provision of the License Agreement that confers a benefit on (or rights in favor of) them. Other than this, no other person or company shall be third party beneficiaries to the License Agreement.
2026-10-03T09:06:21.4707254Z 
2026-10-03T09:06:21.4708485Z 14.5 EXPORT RESTRICTIONS. THE SDK IS SUBJECT TO UNITED STATES EXPORT LAWS AND REGULATIONS. YOU MUST COMPLY WITH ALL DOMESTIC AND INTERNATIONAL EXPORT LAWS AND REGULATIONS THAT APPLY TO THE SDK. THESE LAWS INCLUDE RESTRICTIONS ON DESTINATIONS, END USERS AND END USE.
2026-10-03T09:06:21.4709459Z 
2026-10-03T09:06:21.4710558Z 14.6 The rights granted in the License Agreement may not be assigned or transferred by either you or Google without the prior written approval of the other party. Neither you nor Google shall be permitted to delegate their responsibilities or obligations under the License Agreement without the prior written approval of the other party.
2026-10-03T09:06:21.4711761Z 
2026-10-03T09:06:21.4713629Z 14.7 The License Agreement, and your relationship with Google under the License Agreement, shall be governed by the laws of the State of California without regard to its conflict of laws provisions. You and Google agree to submit to the exclusive jurisdiction of the courts located within the county of Santa Clara, California to resolve any legal matter arising from the License Agreement. Notwithstanding this, you agree that Google shall still be allowed to apply for injunctive remedies (or an equivalent type of urgent legal relief) in any jurisdiction.
2026-10-03T09:06:21.4715846Z ---------------------------------------
2026-10-03T09:06:21.4716125Z Accept? (y/N): 
2026-10-03T09:06:21.4716375Z 3/6: License android-sdk-arm-dbt-license:
2026-10-03T09:06:21.4716672Z ---------------------------------------
2026-10-03T09:06:21.4716936Z Terms and Conditions
2026-10-03T09:06:21.4717076Z 
2026-10-03T09:06:21.4717245Z This is the Android Software Development Kit License Agreement
2026-10-03T09:06:21.4717730Z 
2026-10-03T09:06:21.4717893Z 1. Introduction
2026-10-03T09:06:21.4718051Z 
2026-10-03T09:06:21.4719255Z 1.1 The Android Software Development Kit (referred to in the License Agreement as the "SDK" and specifically including the Android system files, packaged APIs, and Google APIs add-ons) is licensed to you subject to the terms of the License Agreement. The License Agreement forms a legally binding contract between you and Google in relation to your use of the SDK.
2026-10-03T09:06:21.4720521Z 
2026-10-03T09:06:21.4721212Z 1.2 "Android" means the Android software stack for devices, as made available under the Android Open Source Project, which is located at the following URL: http://source.android.com/, as updated from time to time.
2026-10-03T09:06:21.4722111Z 
2026-10-03T09:06:21.4723231Z 1.3 A "compatible implementation" means any Android device that (i) complies with the Android Compatibility Definition document, which can be found at the Android compatibility website (http://source.android.com/compatibility) and which may be updated from time to time; and (ii) successfully passes the Android Compatibility Test Suite (CTS).
2026-10-03T09:06:21.4724468Z 
2026-10-03T09:06:21.4724962Z 1.4 "Google" means Google Inc., a Delaware corporation with principal place of business at 1600 Amphitheatre Parkway, Mountain View, CA 94043, United States.
2026-10-03T09:06:21.4725552Z 
2026-10-03T09:06:21.4725555Z 
2026-10-03T09:06:21.4725667Z 2. Accepting the License Agreement
2026-10-03T09:06:21.4725844Z 
2026-10-03T09:06:21.4726265Z 2.1 In order to use the SDK, you must first agree to the License Agreement. You may not use the SDK if you do not accept the License Agreement.
2026-10-03T09:06:21.4726773Z 
2026-10-03T09:06:21.4726997Z 2.2 By clicking to accept, you hereby agree to the terms of the License Agreement.
2026-10-03T09:06:21.4727321Z 
2026-10-03T09:06:21.4728677Z 2.3 You may not use the SDK and may not accept the License Agreement if you are a person barred from receiving the SDK under the laws of the United States or other countries, including the country in which you are resident or from which you use the SDK.
2026-10-03T09:06:21.4729583Z 
2026-10-03T09:06:21.4730893Z 2.4 If you are agreeing to be bound by the License Agreement on behalf of your employer or other entity, you represent and warrant that you have full legal authority to bind your employer or such entity to the License Agreement. If you do not have the requisite authority, you may not accept the License Agreement or use the SDK on behalf of your employer or other entity.
2026-10-03T09:06:21.4732160Z 
2026-10-03T09:06:21.4732164Z 
2026-10-03T09:06:21.4732269Z 3. SDK License from Google
2026-10-03T09:06:21.4732428Z 
2026-10-03T09:06:21.4733255Z 3.1 Subject to the terms of the License Agreement, Google grants you a limited, worldwide, royalty-free, non-assignable, non-exclusive, and non-sublicensable license to use the SDK solely to develop applications for compatible implementations of Android.
2026-10-03T09:06:21.4734176Z 
2026-10-03T09:06:21.4735259Z 3.2 You may not use this SDK to develop applications for other platforms (including non-compatible implementations of Android) or to develop another SDK. You are of course free to develop applications for other platforms, including non-compatible implementations of Android, provided that this SDK is not used for that purpose.
2026-10-03T09:06:21.4736418Z 
2026-10-03T09:06:21.4738083Z 3.3 You agree that Google or third parties own all legal right, title and interest in and to the SDK, including any Intellectual Property Rights that subsist in the SDK. "Intellectual Property Rights" means any and all rights under patent law, copyright law, trade secret law, trademark law, and any and all other proprietary rights. Google reserves all rights not expressly granted to you.
2026-10-03T09:06:21.4740578Z 
2026-10-03T09:06:21.4742016Z 3.4 You may not use the SDK for any purpose not expressly permitted by the License Agreement. Except to the extent required by applicable third party licenses, you may not copy (except for backup purposes), modify, adapt, redistribute, decompile, reverse engineer, disassemble, or create derivative works of the SDK or any part of the SDK.
2026-10-03T09:06:21.4743231Z 
2026-10-03T09:06:21.4743897Z 3.5 Use, reproduction and distribution of components of the SDK licensed under an open source software license are governed solely by the terms of that open source software license and not the License Agreement.
2026-10-03T09:06:21.4744641Z 
2026-10-03T09:06:21.4746000Z 3.6 You agree that the form and nature of the SDK that Google provides may change without prior notice to you and that future versions of the SDK may be incompatible with applications developed on previous versions of the SDK. You agree that Google may stop (permanently or temporarily) providing the SDK (or any features within the SDK) to you or to users generally at Google's sole discretion, without prior notice to you.
2026-10-03T09:06:21.4747993Z 
2026-10-03T09:06:21.4748600Z 3.7 Nothing in the License Agreement gives you a right to use any of Google's trade names, trademarks, service marks, logos, domain names, or other distinctive brand features.
2026-10-03T09:06:21.4749251Z 
2026-10-03T09:06:21.4749835Z 3.8 You agree that you will not remove, obscure, or alter any proprietary rights notices (including copyright and trademark notices) that may be affixed to or contained within the SDK.
2026-10-03T09:06:21.4750501Z 
2026-10-03T09:06:21.4750504Z 
2026-10-03T09:06:21.4750605Z 4. Use of the SDK by You
2026-10-03T09:06:21.4750753Z 
2026-10-03T09:06:21.4751602Z 4.1 Google agrees that it obtains no right, title or interest from you (or your licensors) under the License Agreement in or to any software applications that you develop using the SDK, including any intellectual property rights that subsist in those applications.
2026-10-03T09:06:21.4752545Z 
2026-10-03T09:06:21.4753677Z 4.2 You agree to use the SDK and write applications only for purposes that are permitted by (a) the License Agreement and (b) any applicable law, regulation or generally accepted practices or guidelines in the relevant jurisdictions (including any laws regarding the export of data or software to and from the United States or other relevant countries).
2026-10-03T09:06:21.4754900Z 
2026-10-03T09:06:21.4757738Z 4.3 You agree that if you use the SDK to develop applications for general public users, you will protect the privacy and legal rights of those users. If the users provide you with user names, passwords, or other login information or personal information, you must make the users aware that the information will be available to your application, and you must provide legally adequate privacy notice and protection for those users. If your application stores personal or sensitive information provided by users, it must do so securely. If the user provides your application with Google Account information, your application may only use that information to access the user's Google Account when, and for the limited purposes for which, the user has given you permission to do so.
2026-10-03T09:06:21.4760430Z 
2026-10-03T09:06:21.4761578Z 4.4 You agree that you will not engage in any activity with the SDK, including the development or distribution of an application, that interferes with, disrupts, damages, or accesses in an unauthorized manner the servers, networks, or other properties or services of any third party including, but not limited to, Google or any mobile communications carrier.
2026-10-03T09:06:21.4762809Z 
2026-10-03T09:06:21.4763920Z 4.5 You agree that you are solely responsible for (and that Google has no responsibility to you or to any third party for) any data, content, or resources that you create, transmit or display through Android and/or applications for Android, and for the consequences of your actions (including any loss or damage which Google may suffer) by doing so.
2026-10-03T09:06:21.4765115Z 
2026-10-03T09:06:21.4766363Z 4.6 You agree that you are solely responsible for (and that Google has no responsibility to you or to any third party for) any breach of your obligations under the License Agreement, any applicable third party contract or Terms of Service, or any applicable law or regulation, and for the consequences (including any loss or damage which Google or any third party may suffer) of any such breach.
2026-10-03T09:06:21.4767911Z 
2026-10-03T09:06:21.4769549Z 4.7 This software enables the execution of intellectual property owned by Arm Limited. You agree that your use of the software, that allows execution of ARM Instruction Set Architecture (“ISA”) compliant executables for application development and debug only on x86 desktop, laptop, customer on-premise servers, and customer-procured cloud-based environments.
2026-10-03T09:06:21.4770851Z 
2026-10-03T09:06:21.4771101Z 5. Your Developer Credentials
2026-10-03T09:06:21.4771273Z 
2026-10-03T09:06:21.4772186Z 5.1 You agree that you are responsible for maintaining the confidentiality of any developer credentials that may be issued to you by Google or which you may choose yourself and that you will be solely responsible for all applications that are developed under your developer credentials.
2026-10-03T09:06:21.4773202Z 
2026-10-03T09:06:21.4773298Z 6. Privacy and Information
2026-10-03T09:06:21.4773455Z 
2026-10-03T09:06:21.4775008Z 6.1 In order to continually innovate and improve the SDK, Google may collect certain usage statistics from the software including but not limited to a unique identifier, associated IP address, version number of the software, and information on which tools and/or services in the SDK are being used and how they are being used. Before any of this information is collected, the SDK will notify you and seek your consent. If you withhold consent, the information will not be collected.
2026-10-03T09:06:21.4776637Z 
2026-10-03T09:06:21.4777031Z 6.2 The data collected is examined in the aggregate to improve the SDK and is maintained in accordance with Google's Privacy Policy.
2026-10-03T09:06:21.4777733Z 
2026-10-03T09:06:21.4777737Z 
2026-10-03T09:06:21.4777849Z 7. Third Party Applications
2026-10-03T09:06:21.4778019Z 
2026-10-03T09:06:21.4780044Z 7.1 If you use the SDK to run applications developed by a third party or that access data, content or resources provided by a third party, you agree that Google is not responsible for those applications, data, content, or resources. You understand that all data, content or resources which you may access through such third party applications are the sole responsibility of the person from which they originated and that Google is not liable for any loss or damage that you may experience as a result of the use or access of any of those third party applications, data, content, or resources.
2026-10-03T09:06:21.4782124Z 
2026-10-03T09:06:21.4783798Z 7.2 You should be aware the data, content, and resources presented to you through such a third party application may be protected by intellectual property rights which are owned by the providers (or by other persons or companies on their behalf). You may not modify, rent, lease, loan, sell, distribute or create derivative works based on these data, content, or resources (either in whole or in part) unless you have been specifically given permission to do so by the relevant owners.
2026-10-03T09:06:21.4785457Z 
2026-10-03T09:06:21.4786321Z 7.3 You acknowledge that your use of such third party applications, data, content, or resources may be subject to separate terms between you and the relevant third party. In that case, the License Agreement does not affect your legal relationship with these third parties.
2026-10-03T09:06:21.4787272Z 
2026-10-03T09:06:21.4787276Z 
2026-10-03T09:06:21.4787368Z 8. Using Android APIs
2026-10-03T09:06:21.4787633Z 
2026-10-03T09:06:21.4787725Z 8.1 Google Data APIs
2026-10-03T09:06:21.4788003Z 
2026-10-03T09:06:21.4789649Z 8.1.1 If you use any API to retrieve data from Google, you acknowledge that the data may be protected by intellectual property rights which are owned by Google or those parties that provide the data (or by other persons or companies on their behalf). Your use of any such API may be subject to additional Terms of Service. You may not modify, rent, lease, loan, sell, distribute or create derivative works based on this data (either in whole or in part) unless allowed by the relevant Terms of Service.
2026-10-03T09:06:21.4792993Z 
2026-10-03T09:06:21.4796196Z 8.1.2 If you use any API to retrieve a user's data from Google, you acknowledge and agree that you shall retrieve data only with the user's explicit consent and only when, and for the limited purposes for which, the user has given you permission to do so. If you use the Android Recognition Service API, documented at the following URL: https://developer.android.com/reference/android/speech/RecognitionService, as updated from time to time, you acknowledge that the use of the API is subject to the Data Processing Addendum for Products where Google is a Data Processor, which is located at the following URL: https://privacy.google.com/businesses/gdprprocessorterms/, as updated from time to time. By clicking to accept, you hereby agree to the terms of the Data Processing Addendum for Products where Google is a Data Processor.
2026-10-03T09:06:21.4799585Z 
2026-10-03T09:06:21.4799590Z 
2026-10-03T09:06:21.4799714Z 9. Terminating the License Agreement
2026-10-03T09:06:21.4799907Z 
2026-10-03T09:06:21.4800236Z 9.1 The License Agreement will continue to apply until terminated by either you or Google as set out below.
2026-10-03T09:06:21.4800656Z 
2026-10-03T09:06:21.4801053Z 9.2 If you want to terminate the License Agreement, you may do so by ceasing your use of the SDK and any relevant developer credentials.
2026-10-03T09:06:21.4801552Z 
2026-10-03T09:06:21.4803618Z 9.3 Google may at any time, terminate the License Agreement with you if: (A) you have breached any provision of the License Agreement; or (B) Google is required to do so by law; or (C) the partner with whom Google offered certain parts of SDK (such as APIs) to you has terminated its relationship with Google or ceased to offer certain parts of the SDK to you; or (D) Google decides to no longer provide the SDK or certain parts of the SDK to users in the country in which you are resident or from which you use the service, or the provision of the SDK or certain SDK services to you by Google is, in Google's sole discretion, no longer commercially viable.
2026-10-03T09:06:21.4805746Z 
2026-10-03T09:06:21.4807318Z 9.4 When the License Agreement comes to an end, all of the legal rights, obligations and liabilities that you and Google have benefited from, been subject to (or which have accrued over time whilst the License Agreement has been in force) or which are expressed to continue indefinitely, shall be unaffected by this cessation, and the provisions of paragraph 14.7 shall continue to apply to such rights, obligations and liabilities indefinitely.
2026-10-03T09:06:21.4809153Z 
2026-10-03T09:06:21.4809158Z 
2026-10-03T09:06:21.4809273Z 10. DISCLAIMER OF WARRANTIES
2026-10-03T09:06:21.4809439Z 
2026-10-03T09:06:21.4809973Z 10.1 YOU EXPRESSLY UNDERSTAND AND AGREE THAT YOUR USE OF THE SDK IS AT YOUR SOLE RISK AND THAT THE SDK IS PROVIDED "AS IS" AND "AS AVAILABLE" WITHOUT WARRANTY OF ANY KIND FROM GOOGLE.
2026-10-03T09:06:21.4810597Z 
2026-10-03T09:06:21.4811412Z 10.2 YOUR USE OF THE SDK AND ANY MATERIAL DOWNLOADED OR OTHERWISE OBTAINED THROUGH THE USE OF THE SDK IS AT YOUR OWN DISCRETION AND RISK AND YOU ARE SOLELY RESPONSIBLE FOR ANY DAMAGE TO YOUR COMPUTER SYSTEM OR OTHER DEVICE OR LOSS OF DATA THAT RESULTS FROM SUCH USE.
2026-10-03T09:06:21.4812324Z 
2026-10-03T09:06:21.4813161Z 10.3 GOOGLE FURTHER EXPRESSLY DISCLAIMS ALL WARRANTIES AND CONDITIONS OF ANY KIND, WHETHER EXPRESS OR IMPLIED, INCLUDING, BUT NOT LIMITED TO THE IMPLIED WARRANTIES AND CONDITIONS OF MERCHANTABILITY, FITNESS FOR A PARTICULAR PURPOSE AND NON-INFRINGEMENT.
2026-10-03T09:06:21.4814121Z 
2026-10-03T09:06:21.4814126Z 
2026-10-03T09:06:21.4814222Z 11. LIMITATION OF LIABILITY
2026-10-03T09:06:21.4814380Z 
2026-10-03T09:06:21.4815787Z 11.1 YOU EXPRESSLY UNDERSTAND AND AGREE THAT GOOGLE, ITS SUBSIDIARIES AND AFFILIATES, AND ITS LICENSORS SHALL NOT BE LIABLE TO YOU UNDER ANY THEORY OF LIABILITY FOR ANY DIRECT, INDIRECT, INCIDENTAL, SPECIAL, CONSEQUENTIAL OR EXEMPLARY DAMAGES THAT MAY BE INCURRED BY YOU, INCLUDING ANY LOSS OF DATA, WHETHER OR NOT GOOGLE OR ITS REPRESENTATIVES HAVE BEEN ADVISED OF OR SHOULD HAVE BEEN AWARE OF THE POSSIBILITY OF ANY SUCH LOSSES ARISING.
2026-10-03T09:06:21.4817287Z 
2026-10-03T09:06:21.4817290Z 
2026-10-03T09:06:21.4817435Z 12. Indemnification
2026-10-03T09:06:21.4817849Z 
2026-10-03T09:06:21.4822161Z 12.1 To the maximum extent permitted by law, you agree to defend, indemnify and hold harmless Google, its affiliates and their respective directors, officers, employees and agents from and against any and all claims, actions, suits or proceedings, as well as any and all losses, liabilities, damages, costs and expenses (including reasonable attorneys fees) arising out of or accruing from (a) your use of the SDK, (b) any application you develop on the SDK that infringes any copyright, trademark, trade secret, trade dress, patent or other intellectual property right of any person or defames any person or violates their rights of publicity or privacy, and (c) any non-compliance by you with the License Agreement.
2026-10-03T09:06:21.4826704Z 
2026-10-03T09:06:21.4826712Z 
2026-10-03T09:06:21.4826898Z 13. Changes to the License Agreement
2026-10-03T09:06:21.4827208Z 
2026-10-03T09:06:21.4828868Z 13.1 Google may make changes to the License Agreement as it distributes new versions of the SDK. When these changes are made, Google will make a new version of the License Agreement available on the website where the SDK is made available.
2026-10-03T09:06:21.4830372Z 
2026-10-03T09:06:21.4830379Z 
2026-10-03T09:06:21.4830557Z 14. General Legal Terms
2026-10-03T09:06:21.4830825Z 
2026-10-03T09:06:21.4832565Z 14.1 The License Agreement constitutes the whole legal agreement between you and Google and governs your use of the SDK (excluding any services which Google may provide to you under a separate written agreement), and completely replaces any prior agreements between you and Google in relation to the SDK.
2026-10-03T09:06:21.4834540Z 
2026-10-03T09:06:21.4836357Z 14.2 You agree that if Google does not exercise or enforce any legal right or remedy which is contained in the License Agreement (or which Google has the benefit of under any applicable law), this will not be taken to be a formal waiver of Google's rights and that those rights or remedies will still be available to Google.
2026-10-03T09:06:21.4838442Z 
2026-10-03T09:06:21.4839597Z 14.3 If any court of law, having the jurisdiction to decide on this matter, rules that any provision of the License Agreement is invalid, then that provision will be removed from the License Agreement without affecting the rest of the License Agreement. The remaining provisions of the License Agreement will continue to be valid and enforceable.
2026-10-03T09:06:21.4840820Z 
2026-10-03T09:06:21.4842775Z 14.4 You acknowledge and agree that each member of the group of companies of which Google is the parent shall be third party beneficiaries to the License Agreement and that such other companies shall be entitled to directly enforce, and rely upon, any provision of the License Agreement that confers a benefit on (or rights in favor of) them. Other than this, no other person or company shall be third party beneficiaries to the License Agreement.
2026-10-03T09:06:21.4844319Z 
2026-10-03T09:06:21.4845188Z 14.5 EXPORT RESTRICTIONS. THE SDK IS SUBJECT TO UNITED STATES EXPORT LAWS AND REGULATIONS. YOU MUST COMPLY WITH ALL DOMESTIC AND INTERNATIONAL EXPORT LAWS AND REGULATIONS THAT APPLY TO THE SDK. THESE LAWS INCLUDE RESTRICTIONS ON DESTINATIONS, END USERS AND END USE.
2026-10-03T09:06:21.4846132Z 
2026-10-03T09:06:21.4847233Z 14.6 The rights granted in the License Agreement may not be assigned or transferred by either you or Google without the prior written approval of the other party. Neither you nor Google shall be permitted to delegate their responsibilities or obligations under the License Agreement without the prior written approval of the other party.
2026-10-03T09:06:21.4848792Z 
2026-10-03T09:06:21.4850639Z 14.7 The License Agreement, and your relationship with Google under the License Agreement, shall be governed by the laws of the State of California without regard to its conflict of laws provisions. You and Google agree to submit to the exclusive jurisdiction of the courts located within the county of Santa Clara, California to resolve any legal matter arising from the License Agreement. Notwithstanding this, you agree that Google shall still be allowed to apply for injunctive remedies (or an equivalent type of urgent legal relief) in any jurisdiction.
2026-10-03T09:06:21.4852710Z 
2026-10-03T09:06:21.4852720Z 
2026-10-03T09:06:21.4852808Z January 16, 2019
2026-10-03T09:06:21.4853035Z ---------------------------------------
2026-10-03T09:06:21.4853305Z Accept? (y/N): 
2026-10-03T09:06:21.4853545Z 4/6: License android-sdk-preview-license:
2026-10-03T09:06:21.4853840Z ---------------------------------------
2026-10-03T09:06:21.4855258Z To get started with the Android SDK Preview, you must agree to the following terms and conditions. As described below, please note that this is a preview version of the Android SDK, subject to change, that you use at your own risk. The Android SDK Preview is not a stable release, and may contain errors and defects that can result in serious damage to your computer systems, devices and data.
2026-10-03T09:06:21.4856577Z 
2026-10-03T09:06:21.4856795Z This is the Android SDK Preview License Agreement (the "License Agreement").
2026-10-03T09:06:21.4857108Z 
2026-10-03T09:06:21.4857196Z 1. Introduction
2026-10-03T09:06:21.4857325Z 
2026-10-03T09:06:21.4859423Z 1.1 The Android SDK Preview (referred to in the License Agreement as the “Preview” and specifically including the Android system files, packaged APIs, and Preview library files, if and when they are made available) is licensed to you subject to the terms of the License Agreement. The License Agreement forms a legally binding contract between you and Google in relation to your use of the Preview.
2026-10-03T09:06:21.4860875Z 
2026-10-03T09:06:21.4861563Z 1.2 "Android" means the Android software stack for devices, as made available under the Android Open Source Project, which is located at the following URL: http://source.android.com/, as updated from time to time.
2026-10-03T09:06:21.4862617Z 
2026-10-03T09:06:21.4863706Z 1.3 "Google" means Google Inc., a Delaware corporation with principal place of business at 1600 Amphitheatre Parkway, Mountain View, CA 94043, United States.
2026-10-03T09:06:21.4864683Z 
2026-10-03T09:06:21.4864862Z 2. Accepting the License Agreement
2026-10-03T09:06:21.4865167Z 
2026-10-03T09:06:21.4865950Z 2.1 In order to use the Preview, you must first agree to the License Agreement. You may not use the Preview if you do not accept the License Agreement.
2026-10-03T09:06:21.4866901Z 
2026-10-03T09:06:21.4867429Z 2.2 By clicking to accept and/or using the Preview, you hereby agree to the terms of the License Agreement.
2026-10-03T09:06:21.4868604Z 
2026-10-03T09:06:21.4870180Z 2.3 You may not use the Preview and may not accept the License Agreement if you are a person barred from receiving the Preview under the laws of the United States or other countries including the country in which you are resident or from which you use the Preview.
2026-10-03T09:06:21.4871891Z 
2026-10-03T09:06:21.4874465Z 2.4 If you will use the Preview internally within your company or organization you agree to be bound by the License Agreement on behalf of your employer or other entity, and you represent and warrant that you have full legal authority to bind your employer or such entity to the License Agreement. If you do not have the requisite authority, you may not accept the License Agreement or use the Preview on behalf of your employer or other entity.
2026-10-03T09:06:21.4877306Z 
2026-10-03T09:06:21.4877659Z 3. Preview License from Google
2026-10-03T09:06:21.4877961Z 
2026-10-03T09:06:21.4879808Z 3.1 Subject to the terms of the License Agreement, Google grants you a royalty-free, non-assignable, non-exclusive, non-sublicensable, limited, revocable license to use the Preview, personally or internally within your company or organization, solely to develop applications to run on the Android platform.
2026-10-03T09:06:21.4881756Z 
2026-10-03T09:06:21.4884062Z 3.2 You agree that Google or third parties owns all legal right, title and interest in and to the Preview, including any Intellectual Property Rights that subsist in the Preview. "Intellectual Property Rights" means any and all rights under patent law, copyright law, trade secret law, trademark law, and any and all other proprietary rights. Google reserves all rights not expressly granted to you.
2026-10-03T09:06:21.4886749Z 
2026-10-03T09:06:21.4890437Z 3.3 You may not use the Preview for any purpose not expressly permitted by the License Agreement. Except to the extent required by applicable third party licenses, you may not: (a) copy (except for backup purposes), modify, adapt, redistribute, decompile, reverse engineer, disassemble, or create derivative works of the Preview or any part of the Preview; or (b) load any part of the Preview onto a mobile handset or any other hardware device except a personal computer, combine any part of the Preview with other software, or distribute any software or device incorporating a part of the Preview.
2026-10-03T09:06:21.4894121Z 
2026-10-03T09:06:21.4895606Z 3.4 You agree that you will not take any actions that may cause or result in the fragmentation of Android, including but not limited to distributing, participating in the creation of, or promoting in any way a software development kit derived from the Preview.
2026-10-03T09:06:21.4897265Z 
2026-10-03T09:06:21.4900040Z 3.5 Use, reproduction and distribution of components of the Preview licensed under an open source software license are governed solely by the terms of that open source software license and not the License Agreement. You agree to remain a licensee in good standing in regard to such open source software licenses under all the rights granted and to refrain from any actions that may terminate, suspend, or breach such rights.
2026-10-03T09:06:21.4902772Z 
2026-10-03T09:06:21.4905551Z 3.6 You agree that the form and nature of the Preview that Google provides may change without prior notice to you and that future versions of the Preview may be incompatible with applications developed on previous versions of the Preview. You agree that Google may stop (permanently or temporarily) providing the Preview (or any features within the Preview) to you or to users generally at Google's sole discretion, without prior notice to you.
2026-10-03T09:06:21.4908485Z 
2026-10-03T09:06:21.4909426Z 3.7 Nothing in the License Agreement gives you a right to use any of Google's trade names, trademarks, service marks, logos, domain names, or other distinctive brand features.
2026-10-03T09:06:21.4910523Z 
2026-10-03T09:06:21.4911550Z 3.8 You agree that you will not remove, obscure, or alter any proprietary rights notices (including copyright and trademark notices) that may be affixed to or contained within the Preview.
2026-10-03T09:06:21.4912760Z 
2026-10-03T09:06:21.4912922Z 4. Use of the Preview by You
2026-10-03T09:06:21.4913185Z 
2026-10-03T09:06:21.4914996Z 4.1 Google agrees that nothing in the License Agreement gives Google any right, title or interest from you (or your licensors) under the License Agreement in or to any software applications that you develop using the Preview, including any intellectual property rights that subsist in those applications.
2026-10-03T09:06:21.4916883Z 
2026-10-03T09:06:21.4919094Z 4.2 You agree to use the Preview and write applications only for purposes that are permitted by (a) the License Agreement, and (b) any applicable law, regulation or generally accepted practices or guidelines in the relevant jurisdictions (including any laws regarding the export of data or software to and from the United States or other relevant countries).
2026-10-03T09:06:21.4921315Z 
2026-10-03T09:06:21.4925629Z 4.3 You agree that if you use the Preview to develop applications, you will protect the privacy and legal rights of users. If users provide you with user names, passwords, or other login information or personal information, you must make the users aware that the information will be available to your application, and you must provide legally adequate privacy notice and protection for those users. If your application stores personal or sensitive information provided by users, it must do so securely. If users provide you with Google Account information, your application may only use that information to access the user's Google Account when, and for the limited purposes for which, each user has given you permission to do so.
2026-10-03T09:06:21.4930420Z 
2026-10-03T09:06:21.4932111Z 4.4 You agree that you will not engage in any activity with the Preview, including the development or distribution of an application, that interferes with, disrupts, damages, or accesses in an unauthorized manner the servers, networks, or other properties or services of Google or any third party.
2026-10-03T09:06:21.4933960Z 
2026-10-03T09:06:21.4935916Z 4.5 You agree that you are solely responsible for (and that Google has no responsibility to you or to any third party for) any data, content, or resources that you create, transmit or display through Android and/or applications for Android, and for the consequences of your actions (including any loss or damage which Google may suffer) by doing so.
2026-10-03T09:06:21.4938257Z 
2026-10-03T09:06:21.4940447Z 4.6 You agree that you are solely responsible for (and that Google has no responsibility to you or to any third party for) any breach of your obligations under the License Agreement, any applicable third party contract or Terms of Service, or any applicable law or regulation, and for the consequences (including any loss or damage which Google or any third party may suffer) of any such breach.
2026-10-03T09:06:21.4942874Z 
2026-10-03T09:06:21.4945645Z 4.7 The Preview is in development, and your testing and feedback are an important part of the development process. By using the Preview, you acknowledge that implementation of some features are still under development and that you should not rely on the Preview having the full functionality of a stable release. You agree not to publicly distribute or ship any application using this Preview as this Preview will no longer be supported after the official Android SDK is released.
2026-10-03T09:06:21.4948946Z 
2026-10-03T09:06:21.4949669Z 5. Your Developer Credentials
2026-10-03T09:06:21.4950033Z 
2026-10-03T09:06:21.4951825Z 5.1 You agree that you are responsible for maintaining the confidentiality of any developer credentials that may be issued to you by Google or which you may choose yourself and that you will be solely responsible for all applications that are developed under your developer credentials.
2026-10-03T09:06:21.4953693Z 
2026-10-03T09:06:21.4953846Z 6. Privacy and Information
2026-10-03T09:06:21.4954098Z 
2026-10-03T09:06:21.4956943Z 6.1 In order to continually innovate and improve the Preview, Google may collect certain usage statistics from the software including but not limited to a unique identifier, associated IP address, version number of the software, and information on which tools and/or services in the Preview are being used and how they are being used. Before any of this information is collected, the Preview will notify you and seek your consent. If you withhold consent, the information will not be collected.
2026-10-03T09:06:21.4960169Z 
2026-10-03T09:06:21.4961236Z 6.2 The data collected is examined in the aggregate to improve the Preview and is maintained in accordance with Google's Privacy Policy located at http://www.google.com/policies/privacy/.
2026-10-03T09:06:21.4962452Z 
2026-10-03T09:06:21.4962605Z 7. Third Party Applications
2026-10-03T09:06:21.4962869Z 
2026-10-03T09:06:21.4966304Z 7.1 If you use the Preview to run applications developed by a third party or that access data, content or resources provided by a third party, you agree that Google is not responsible for those applications, data, content, or resources. You understand that all data, content or resources which you may access through such third party applications are the sole responsibility of the person from which they originated and that Google is not liable for any loss or damage that you may experience as a result of the use or access of any of those third party applications, data, content, or resources.
2026-10-03T09:06:21.4970092Z 
2026-10-03T09:06:21.4972869Z 7.2 You should be aware the data, content, and resources presented to you through such a third party application may be protected by intellectual property rights which are owned by the providers (or by other persons or companies on their behalf). You may not modify, rent, lease, loan, sell, distribute or create derivative works based on these data, content, or resources (either in whole or in part) unless you have been specifically given permission to do so by the relevant owners.
2026-10-03T09:06:21.4975985Z 
2026-10-03T09:06:21.4976889Z 7.3 You acknowledge that your use of such third party applications, data, content, or resources may be subject to separate terms between you and the relevant third party.
2026-10-03T09:06:21.4978147Z 
2026-10-03T09:06:21.4978295Z 8. Using Google APIs
2026-10-03T09:06:21.4978511Z 
2026-10-03T09:06:21.4978647Z 8.1 Google APIs
2026-10-03T09:06:21.4978836Z 
2026-10-03T09:06:21.4981660Z 8.1.1 If you use any API to retrieve data from Google, you acknowledge that the data may be protected by intellectual property rights which are owned by Google or those parties that provide the data (or by other persons or companies on their behalf). Your use of any such API may be subject to additional Terms of Service. You may not modify, rent, lease, loan, sell, distribute or create derivative works based on this data (either in whole or in part) unless allowed by the relevant Terms of Service.
2026-10-03T09:06:21.4984650Z 
2026-10-03T09:06:21.4986020Z 8.1.2 If you use any API to retrieve a user's data from Google, you acknowledge and agree that you shall retrieve data only with the user's explicit consent and only when, and for the limited purposes for which, the user has given you permission to do so.
2026-10-03T09:06:21.4987758Z 
2026-10-03T09:06:21.4987962Z 9. Terminating the License Agreement
2026-10-03T09:06:21.4988282Z 
2026-10-03T09:06:21.4989203Z 9.1 the License Agreement will continue to apply until terminated by either you or Google as set out below.
2026-10-03T09:06:21.4989947Z 
2026-10-03T09:06:21.4990651Z 9.2 If you want to terminate the License Agreement, you may do so by ceasing your use of the Preview and any relevant developer credentials.
2026-10-03T09:06:21.4991540Z 
2026-10-03T09:06:21.4992036Z 9.3 Google may at any time, terminate the License Agreement, with or without cause, upon notice to you.
2026-10-03T09:06:21.4992721Z 
2026-10-03T09:06:21.4994588Z 9.4 The License Agreement will automatically terminate without notice or other action upon the earlier of: (A) when Google ceases to provide the Preview or certain parts of the Preview to users in the country in which you are resident or from which you use the service; and (B) Google issues a final release version of the Android SDK.
2026-10-03T09:06:21.4996665Z 
2026-10-03T09:06:21.4998236Z 9.5 When the License Agreement is terminated, the license granted to you in the License Agreement will terminate, you will immediately cease all use of the Preview, and the provisions of paragraphs 10, 11, 12 and 14 shall survive indefinitely.
2026-10-03T09:06:21.4999913Z 
2026-10-03T09:06:21.5000119Z 10. DISCLAIMERS
2026-10-03T09:06:21.5000376Z 
2026-10-03T09:06:21.5001418Z 10.1 YOU EXPRESSLY UNDERSTAND AND AGREE THAT YOUR USE OF THE PREVIEW IS AT YOUR SOLE RISK AND THAT THE PREVIEW IS PROVIDED "AS IS" AND "AS AVAILABLE" WITHOUT WARRANTY OF ANY KIND FROM GOOGLE.
2026-10-03T09:06:21.5002601Z 
2026-10-03T09:06:21.5005865Z 10.2 YOUR USE OF THE PREVIEW AND ANY MATERIAL DOWNLOADED OR OTHERWISE OBTAINED THROUGH THE USE OF THE PREVIEW IS AT YOUR OWN DISCRETION AND RISK AND YOU ARE SOLELY RESPONSIBLE FOR ANY DAMAGE TO YOUR COMPUTER SYSTEM OR OTHER DEVICE OR LOSS OF DATA THAT RESULTS FROM SUCH USE. WITHOUT LIMITING THE FOREGOING, YOU UNDERSTAND THAT THE PREVIEW IS NOT A STABLE RELEASE AND MAY CONTAIN ERRORS, DEFECTS AND SECURITY VULNERABILITIES THAT CAN RESULT IN SIGNIFICANT DAMAGE, INCLUDING THE COMPLETE, IRRECOVERABLE LOSS OF USE OF YOUR COMPUTER SYSTEM OR OTHER DEVICE.
2026-10-03T09:06:21.5009486Z 
2026-10-03T09:06:21.5010972Z 10.3 GOOGLE FURTHER EXPRESSLY DISCLAIMS ALL WARRANTIES AND CONDITIONS OF ANY KIND, WHETHER EXPRESS OR IMPLIED, INCLUDING, BUT NOT LIMITED TO THE IMPLIED WARRANTIES AND CONDITIONS OF MERCHANTABILITY, FITNESS FOR A PARTICULAR PURPOSE AND NON-INFRINGEMENT.
2026-10-03T09:06:21.5012792Z 
2026-10-03T09:06:21.5012945Z 11. LIMITATION OF LIABILITY
2026-10-03T09:06:21.5013205Z 
2026-10-03T09:06:21.5015811Z 11.1 YOU EXPRESSLY UNDERSTAND AND AGREE THAT GOOGLE, ITS SUBSIDIARIES AND AFFILIATES, AND ITS LICENSORS SHALL NOT BE LIABLE TO YOU UNDER ANY THEORY OF LIABILITY FOR ANY DIRECT, INDIRECT, INCIDENTAL, SPECIAL, CONSEQUENTIAL OR EXEMPLARY DAMAGES THAT MAY BE INCURRED BY YOU, INCLUDING ANY LOSS OF DATA, WHETHER OR NOT GOOGLE OR ITS REPRESENTATIVES HAVE BEEN ADVISED OF OR SHOULD HAVE BEEN AWARE OF THE POSSIBILITY OF ANY SUCH LOSSES ARISING.
2026-10-03T09:06:21.5018692Z 
2026-10-03T09:06:21.5018839Z 12. Indemnification
2026-10-03T09:06:21.5019048Z 
2026-10-03T09:06:21.5023947Z 12.1 To the maximum extent permitted by law, you agree to defend, indemnify and hold harmless Google, its affiliates and their respective directors, officers, employees and agents from and against any and all claims, actions, suits or proceedings, as well as any and all losses, liabilities, damages, costs and expenses (including reasonable attorneys’ fees) arising out of or accruing from (a) your use of the Preview, (b) any application you develop on the Preview that infringes any Intellectual Property Rights of any person or defames any person or violates their rights of publicity or privacy, and (c) any non-compliance by you of the License Agreement.
2026-10-03T09:06:21.5028186Z 
2026-10-03T09:06:21.5028356Z 13. Changes to the License Agreement
2026-10-03T09:06:21.5028657Z 
2026-10-03T09:06:21.5030240Z 13.1 Google may make changes to the License Agreement as it distributes new versions of the Preview. When these changes are made, Google will make a new version of the License Agreement available on the website where the Preview is made available.
2026-10-03T09:06:21.5031795Z 
2026-10-03T09:06:21.5031944Z 14. General Legal Terms
2026-10-03T09:06:21.5032183Z 
2026-10-03T09:06:21.5034003Z 14.1 the License Agreement constitutes the whole legal agreement between you and Google and governs your use of the Preview (excluding any services which Google may provide to you under a separate written agreement), and completely replaces any prior agreements between you and Google in relation to the Preview.
2026-10-03T09:06:21.5036084Z 
2026-10-03T09:06:21.5038094Z 14.2 You agree that if Google does not exercise or enforce any legal right or remedy which is contained in the License Agreement (or which Google has the benefit of under any applicable law), this will not be taken to be a formal waiver of Google's rights and that those rights or remedies will still be available to Google.
2026-10-03T09:06:21.5040119Z 
2026-10-03T09:06:21.5044695Z 14.3 If any court of law, having the jurisdiction to decide on this matter, rules that any provision of the License Agreement is invalid, then that provision will be removed from the License Agreement without affecting the rest of the License Agreement. The remaining provisions of the License Agreement will continue to be valid and enforceable.
2026-10-03T09:06:21.5046890Z 
2026-10-03T09:06:21.5049705Z 14.4 You acknowledge and agree that each member of the group of companies of which Google is the parent shall be third party beneficiaries to the License Agreement and that such other companies shall be entitled to directly enforce, and rely upon, any provision of the License Agreement that confers a benefit on (or rights in favor of) them. Other than this, no other person or company shall be third party beneficiaries to the License Agreement.
2026-10-03T09:06:21.5052466Z 
2026-10-03T09:06:21.5054030Z 14.5 EXPORT RESTRICTIONS. THE PREVIEW IS SUBJECT TO UNITED STATES EXPORT LAWS AND REGULATIONS. YOU MUST COMPLY WITH ALL DOMESTIC AND INTERNATIONAL EXPORT LAWS AND REGULATIONS THAT APPLY TO THE PREVIEW. THESE LAWS INCLUDE RESTRICTIONS ON DESTINATIONS, END USERS AND END USE.
2026-10-03T09:06:21.5055790Z 
2026-10-03T09:06:21.5057787Z 14.6 The License Agreement may not be assigned or transferred by you without the prior written approval of Google, and any attempted assignment without such approval will be void. You shall not delegate your responsibilities or obligations under the License Agreement without the prior written approval of Google.
2026-10-03T09:06:21.5060036Z 
2026-10-03T09:06:21.5063316Z 14.7 The License Agreement, and your relationship with Google under the License Agreement, shall be governed by the laws of the State of California without regard to its conflict of laws provisions. You and Google agree to submit to the exclusive jurisdiction of the courts located within the county of Santa Clara, California to resolve any legal matter arising from the License Agreement. Notwithstanding this, you agree that Google shall still be allowed to apply for injunctive remedies (or an equivalent type of urgent legal relief) in any jurisdiction.
2026-10-03T09:06:21.5066764Z 
2026-10-03T09:06:21.5066935Z June 2014.
2026-10-03T09:06:21.5067297Z ---------------------------------------
2026-10-03T09:06:21.5067991Z Accept? (y/N): 
2026-10-03T09:06:21.5068372Z 5/6: License google-gdk-license:
2026-10-03T09:06:21.5068809Z ---------------------------------------
2026-10-03T09:06:21.5069392Z This is a Developer Preview of the GDK that is subject to change.
2026-10-03T09:06:21.5069880Z 
2026-10-03T09:06:21.5070028Z Terms and Conditions
2026-10-03T09:06:21.5070271Z 
2026-10-03T09:06:21.5070507Z This is the Glass Development Kit License Agreement.
2026-10-03T09:06:21.5070926Z 
2026-10-03T09:06:21.5071078Z 1. Introduction
2026-10-03T09:06:21.5071282Z 
2026-10-03T09:06:21.5073909Z 1.1 The Glass Development Kit (referred to in this License Agreement as the "GDK" and specifically including the Android system files, packaged APIs, and GDK library files, if and when they are made available) is licensed to you subject to the terms of this License Agreement. This License Agreement forms a legally binding contract between you and Google in relation to your use of the GDK.
2026-10-03T09:06:21.5076321Z 
2026-10-03T09:06:21.5076704Z 1.2 "Glass" means Glass devices and the Glass software stack for use on Glass devices.
2026-10-03T09:06:21.5077287Z 
2026-10-03T09:06:21.5077293Z 
2026-10-03T09:06:21.5078682Z 1.3 "Android" means the Android software stack for devices, as made available under the Android Open Source Project, which is located at the following URL: http://source.android.com/, as updated from time to time.
2026-10-03T09:06:21.5080018Z 
2026-10-03T09:06:21.5080874Z 1.4 "Google" means Google Inc., a Delaware corporation with principal place of business at 1600 Amphitheatre Parkway, Mountain View, CA 94043, United States.
2026-10-03T09:06:21.5081883Z 
2026-10-03T09:06:21.5082054Z 2. Accepting this License Agreement
2026-10-03T09:06:21.5082354Z 
2026-10-03T09:06:21.5083070Z 2.1 In order to use the GDK, you must first agree to this License Agreement. You may not use the GDK if you do not accept this License Agreement.
2026-10-03T09:06:21.5083957Z 
2026-10-03T09:06:21.5084324Z 2.2 By clicking to accept, you hereby agree to the terms of this License Agreement.
2026-10-03T09:06:21.5084887Z 
2026-10-03T09:06:21.5086249Z 2.3 You may not use the GDK and may not accept the License Agreement if you are a person barred from receiving the GDK under the laws of the United States or other countries including the country in which you are resident or from which you use the GDK.
2026-10-03T09:06:21.5087935Z 
2026-10-03T09:06:21.5090651Z 2.4 If you are agreeing to be bound by this License Agreement on behalf of your employer or other entity, you represent and warrant that you have full legal authority to bind your employer or such entity to this License Agreement. If you do not have the requisite authority, you may not accept the License Agreement or use the GDK on behalf of your employer or other entity.
2026-10-03T09:06:21.5093096Z 
2026-10-03T09:06:21.5093295Z 3. GDK License from Google
2026-10-03T09:06:21.5093576Z 
2026-10-03T09:06:21.5094990Z 3.1 Subject to the terms of this License Agreement, Google grants you a limited, worldwide, royalty-free, non-assignable and non-exclusive license to use the GDK solely to develop applications to run on the Glass platform for Glass devices.
2026-10-03T09:06:21.5096797Z 
2026-10-03T09:06:21.5099147Z 3.2 You agree that Google or third parties own all legal right, title and interest in and to the GDK, including any Intellectual Property Rights that subsist in the GDK. "Intellectual Property Rights" means any and all rights under patent law, copyright law, trade secret law, trademark law, and any and all other proprietary rights. Google reserves all rights not expressly granted to you.
2026-10-03T09:06:21.5101571Z 
2026-10-03T09:06:21.5105151Z 3.3 You may not use the GDK for any purpose not expressly permitted by this License Agreement. Except to the extent required by applicable third party licenses, you may not: (a) copy (except for backup purposes), modify, adapt, redistribute, decompile, reverse engineer, disassemble, or create derivative works of the GDK or any part of the GDK; or (b) load any part of the GDK onto a mobile handset or wearable computing device or any other hardware device except a Glass device personal computer, combine any part of the GDK with other software, or distribute any software or device incorporating a part of the GDK.
2026-10-03T09:06:21.5109139Z 
2026-10-03T09:06:21.5110616Z 3.4 You agree that you will not take any actions that may cause or result in the fragmentation of Glass, including but not limited to distributing, participating in the creation of, or promoting in any way a software development kit derived from the GDK.
2026-10-03T09:06:21.5113246Z 
2026-10-03T09:06:21.5114677Z 3.5 Use, reproduction and distribution of components of the GDK licensed under an open source software license are governed solely by the terms of that open source software license and not this License Agreement.
2026-10-03T09:06:21.5116722Z 
2026-10-03T09:06:21.5119502Z 3.6 You agree that the form and nature of the GDK that Google provides may change without prior notice to you and that future versions of the GDK may be incompatible with applications developed on previous versions of the GDK. You agree that Google may stop (permanently or temporarily) providing the GDK (or any features within the GDK) to you or to users generally at Google's sole discretion, without prior notice to you.
2026-10-03T09:06:21.5122133Z 
2026-10-03T09:06:21.5123073Z 3.7 Nothing in this License Agreement gives you a right to use any of Google's trade names, trademarks, service marks, logos, domain names, or other distinctive brand features.
2026-10-03T09:06:21.5124179Z 
2026-10-03T09:06:21.5125188Z 3.8 You agree that you will not remove, obscure, or alter any proprietary rights notices (including copyright and trademark notices) that may be affixed to or contained within the GDK.
2026-10-03T09:06:21.5126382Z 
2026-10-03T09:06:21.5126388Z 
2026-10-03T09:06:21.5128689Z 3.9 Your use of any Android system files, packaged APIs, or other components of the GDK which are part of the Android Software Development Kit is subject to the terms of the Android Software Development Kit License Agreement located at http://developer.android.com/sdk/terms.html. These terms are hereby incorporated by reference into this License Agreement.
2026-10-03T09:06:21.5130950Z 
2026-10-03T09:06:21.5131095Z 4. Use of the GDK by You
2026-10-03T09:06:21.5131339Z 
2026-10-03T09:06:21.5132836Z 4.1 Google agrees that it obtains no right, title or interest from you (or your licensors) under this License Agreement in or to any software applications that you develop using the GDK, including any intellectual property rights that subsist in those applications.
2026-10-03T09:06:21.5134512Z 
2026-10-03T09:06:21.5138168Z 4.2 You agree to use the GDK and write applications only for purposes that are permitted by (a) this License Agreement, (b) the Glass Platform Developer Policies (located at https://developers.google.com/glass/policies, and hereby incorporated into this License Agreement by reference), and (c) any applicable law, regulation or generally accepted practices or guidelines in the relevant jurisdictions (including any laws regarding the export of data or software to and from the United States or other relevant countries).
2026-10-03T09:06:21.5141669Z 
2026-10-03T09:06:21.5146271Z 4.3 You agree that if you use the GDK to develop applications for general public users, you will protect the privacy and legal rights of those users. If the users provide you with user names, passwords, or other login information or personal information, you must make the users aware that the information will be available to your application, and you must provide legally adequate privacy notice and protection for those users. If your application stores personal or sensitive information provided by users, it must do so securely. If the user provides your application with Google Account information, your application may only use that information to access the user's Google Account when, and for the limited purposes for which, the user has given you permission to do so.
2026-10-03T09:06:21.5151219Z 
2026-10-03T09:06:21.5153051Z 4.4 You agree that you will not engage in any activity with the GDK, including the development or distribution of an application, that interferes with, disrupts, damages, or accesses in an unauthorized manner the servers, networks, or other properties or services of any third party including, but not limited to, Google.
2026-10-03T09:06:21.5155046Z 
2026-10-03T09:06:21.5156968Z 4.5 You agree that you are solely responsible for (and that Google has no responsibility to you or to any third party for) any data, content, or resources that you create, transmit or display through Glass and/or applications for Glass, and for the consequences of your actions (including any loss or damage which Google may suffer) by doing so.
2026-10-03T09:06:21.5159598Z 
2026-10-03T09:06:21.5162064Z 4.6 You agree that you are solely responsible for (and that Google has no responsibility to you or to any third party for) any breach of your obligations under this License Agreement, any applicable third party contract or Terms of Service, or any applicable law or regulation, and for the consequences (including any loss or damage which Google or any third party may suffer) of any such breach.
2026-10-03T09:06:21.5164493Z 
2026-10-03T09:06:21.5164499Z 
2026-10-03T09:06:21.5166634Z 4.7 The GDK is in development, and your testing and feedback are an important part of the development process. By using the GDK, you acknowledge that implementation of some features are still under development and that you should not rely on the GDK, Glass devices, Glass system software, Google Mirror API, or Glass services having the full functionality of a stable release.
2026-10-03T09:06:21.5169147Z 
2026-10-03T09:06:21.5169309Z 5. Your Developer Credentials
2026-10-03T09:06:21.5169584Z 
2026-10-03T09:06:21.5171210Z 5.1 You agree that you are responsible for maintaining the confidentiality of any developer credentials that may be issued to you by Google or which you may choose yourself and that you will be solely responsible for all applications that are developed under your developer credentials.
2026-10-03T09:06:21.5173043Z 
2026-10-03T09:06:21.5173200Z 6. Privacy and Information
2026-10-03T09:06:21.5173449Z 
2026-10-03T09:06:21.5173455Z 
2026-10-03T09:06:21.5176265Z 6.1 In order to continually innovate and improve the GDK, Google may collect certain usage statistics from the software including but not limited to a unique identifier, associated IP address, version number of the software, and information on which tools and/or services in the GDK are being used and how they are being used. Before any of this information is collected, the GDK will notify you and seek your consent. If you withhold consent, the information will not be collected.
2026-10-03T09:06:21.5179297Z 
2026-10-03T09:06:21.5180031Z 6.2 The data collected is examined in the aggregate to improve the GDK and is maintained in accordance with Google's Privacy Policy.
2026-10-03T09:06:21.5180816Z 
2026-10-03T09:06:21.5181031Z 7. Third Party Applications
2026-10-03T09:06:21.5181467Z 
2026-10-03T09:06:21.5185890Z 7.1 If you use the GDK to run applications developed by a third party or that access data, content or resources provided by a third party, you agree that Google is not responsible for those applications, data, content, or resources. You understand that all data, content or resources which you may access through such third party applications are the sole responsibility of the person from which they originated and that Google is not liable for any loss or damage that you may experience as a result of the use or access of any of those third party applications, data, content, or resources.
2026-10-03T09:06:21.5189554Z 
2026-10-03T09:06:21.5192285Z 7.2 You should be aware the data, content, and resources presented to you through such a third party application may be protected by intellectual property rights which are owned by the providers (or by other persons or companies on their behalf). You may not modify, rent, lease, loan, sell, distribute or create derivative works based on these data, content, or resources (either in whole or in part) unless you have been specifically given permission to do so by the relevant owners.
2026-10-03T09:06:21.5195224Z 
2026-10-03T09:06:21.5196728Z 7.3 You acknowledge that your use of such third party applications, data, content, or resources may be subject to separate terms between you and the relevant third party. In that case, this License Agreement does not affect your legal relationship with these third parties.
2026-10-03T09:06:21.5198729Z 
2026-10-03T09:06:21.5198894Z 8. Using Google APIs
2026-10-03T09:06:21.5199129Z 
2026-10-03T09:06:21.5199270Z 8.1 Google APIs
2026-10-03T09:06:21.5199477Z 
2026-10-03T09:06:21.5202458Z 8.1.1 If you use any API to retrieve data from Google, you acknowledge that the data may be protected by intellectual property rights which are owned by Google or those parties that provide the data (or by other persons or companies on their behalf). Your use of any such API may be subject to additional Terms of Service. You may not modify, rent, lease, loan, sell, distribute or create derivative works based on this data (either in whole or in part) unless allowed by the relevant Terms of Service.
2026-10-03T09:06:21.5205410Z 
2026-10-03T09:06:21.5206771Z 8.1.2 If you use any API to retrieve a user's data from Google, you acknowledge and agree that you shall retrieve data only with the user's explicit consent and only when, and for the limited purposes for which, the user has given you permission to do so.
2026-10-03T09:06:21.5208497Z 
2026-10-03T09:06:21.5208683Z 9. Terminating this License Agreement
2026-10-03T09:06:21.5209003Z 
2026-10-03T09:06:21.5209541Z 9.1 This License Agreement will continue to apply until terminated by either you or Google as set out below.
2026-10-03T09:06:21.5210265Z 
2026-10-03T09:06:21.5210953Z 9.2 If you want to terminate this License Agreement, you may do so by ceasing your use of the GDK and any relevant developer credentials.
2026-10-03T09:06:21.5211802Z 
2026-10-03T09:06:21.5215416Z 9.3 Google may at any time, terminate this License Agreement with you if: (A) you have breached any provision of this License Agreement; or (B) Google is required to do so by law; or (C) the partner with whom Google offered certain parts of GDK (such as APIs) to you has terminated its relationship with Google or ceased to offer certain parts of the GDK to you; or (D) Google decides to no longer provide the GDK or certain parts of the GDK to users in the country in which you are resident or from which you use the service, or the provision of the GDK or certain GDK services to you by Google is, in Google's sole discretion, no longer commercially viable.
2026-10-03T09:06:21.5219308Z 
2026-10-03T09:06:21.5221864Z 9.4 When this License Agreement comes to an end, all of the legal rights, obligations and liabilities that you and Google have benefited from, been subject to (or which have accrued over time whilst this License Agreement has been in force) or which are expressed to continue indefinitely, shall be unaffected by this cessation, and the provisions of paragraph 14.7 shall continue to apply to such rights, obligations and liabilities indefinitely.
2026-10-03T09:06:21.5223756Z 
2026-10-03T09:06:21.5223877Z 10. DISCLAIMER OF WARRANTIES
2026-10-03T09:06:21.5224046Z 
2026-10-03T09:06:21.5224595Z 10.1 YOU EXPRESSLY UNDERSTAND AND AGREE THAT YOUR USE OF THE GDK IS AT YOUR SOLE RISK AND THAT THE GDK IS PROVIDED "AS IS" AND "AS AVAILABLE" WITHOUT WARRANTY OF ANY KIND FROM GOOGLE.
2026-10-03T09:06:21.5225224Z 
2026-10-03T09:06:21.5226042Z 10.2 YOUR USE OF THE GDK AND ANY MATERIAL DOWNLOADED OR OTHERWISE OBTAINED THROUGH THE USE OF THE GDK IS AT YOUR OWN DISCRETION AND RISK AND YOU ARE SOLELY RESPONSIBLE FOR ANY DAMAGE TO YOUR COMPUTER SYSTEM OR OTHER DEVICE OR LOSS OF DATA THAT RESULTS FROM SUCH USE.
2026-10-03T09:06:21.5226954Z 
2026-10-03T09:06:21.5228197Z 10.3 GOOGLE FURTHER EXPRESSLY DISCLAIMS ALL WARRANTIES AND CONDITIONS OF ANY KIND, WHETHER EXPRESS OR IMPLIED, INCLUDING, BUT NOT LIMITED TO THE IMPLIED WARRANTIES AND CONDITIONS OF MERCHANTABILITY, FITNESS FOR A PARTICULAR PURPOSE AND NON-INFRINGEMENT.
2026-10-03T09:06:21.5229144Z 
2026-10-03T09:06:21.5229254Z 11. LIMITATION OF LIABILITY
2026-10-03T09:06:21.5229423Z 
2026-10-03T09:06:21.5230866Z 11.1 YOU EXPRESSLY UNDERSTAND AND AGREE THAT GOOGLE, ITS SUBSIDIARIES AND AFFILIATES, AND ITS LICENSORS SHALL NOT BE LIABLE TO YOU UNDER ANY THEORY OF LIABILITY FOR ANY DIRECT, INDIRECT, INCIDENTAL, SPECIAL, CONSEQUENTIAL OR EXEMPLARY DAMAGES THAT MAY BE INCURRED BY YOU, INCLUDING ANY LOSS OF DATA, WHETHER OR NOT GOOGLE OR ITS REPRESENTATIVES HAVE BEEN ADVISED OF OR SHOULD HAVE BEEN AWARE OF THE POSSIBILITY OF ANY SUCH LOSSES ARISING.
2026-10-03T09:06:21.5232379Z 
2026-10-03T09:06:21.5232475Z 12. Indemnification
2026-10-03T09:06:21.5232610Z 
2026-10-03T09:06:21.5235126Z 12.1 To the maximum extent permitted by law, you agree to defend, indemnify and hold harmless Google, its affiliates and their respective directors, officers, employees and agents from and against any and all claims, actions, suits or proceedings, as well as any and all losses, liabilities, damages, costs and expenses (including reasonable attorneys fees) arising out of or accruing from (a) your use of the GDK, (b) any application you develop on the GDK that infringes any copyright, trademark, trade secret, trade dress, patent or other intellectual property right of any person or defames any person or violates their rights of publicity or privacy, and (c) any non-compliance by you with this License Agreement.
2026-10-03T09:06:21.5237820Z 
2026-10-03T09:06:21.5237958Z 13. Changes to the License Agreement
2026-10-03T09:06:21.5238157Z 
2026-10-03T09:06:21.5238919Z 13.1 Google may make changes to the License Agreement as it distributes new versions of the GDK. When these changes are made, Google will make a new version of the License Agreement available on the website where the GDK is made available.
2026-10-03T09:06:21.5239771Z 
2026-10-03T09:06:21.5239871Z 14. General Legal Terms
2026-10-03T09:06:21.5240018Z 
2026-10-03T09:06:21.5241013Z 14.1 This License Agreement constitutes the whole legal agreement between you and Google and governs your use of the GDK (excluding any services which Google may provide to you under a separate written agreement), and completely replaces any prior agreements between you and Google in relation to the GDK.
2026-10-03T09:06:21.5242096Z 
2026-10-03T09:06:21.5243109Z 14.2 You agree that if Google does not exercise or enforce any legal right or remedy which is contained in this License Agreement (or which Google has the benefit of under any applicable law), this will not be taken to be a formal waiver of Google's rights and that those rights or remedies will still be available to Google.
2026-10-03T09:06:21.5244208Z 
2026-10-03T09:06:21.5245323Z 14.3 If any court of law, having the jurisdiction to decide on this matter, rules that any provision of this License Agreement is invalid, then that provision will be removed from this License Agreement without affecting the rest of this License Agreement. The remaining provisions of this License Agreement will continue to be valid and enforceable.
2026-10-03T09:06:21.5246679Z 
2026-10-03T09:06:21.5249274Z 14.4 You acknowledge and agree that each member of the group of companies of which Google is the parent shall be third party beneficiaries to this License Agreement and that such other companies shall be entitled to directly enforce, and rely upon, any provision of this License Agreement that confers a benefit on (or rights in favor of) them. Other than this, no other person or company shall be third party beneficiaries to this License Agreement.
2026-10-03T09:06:21.5251523Z 
2026-10-03T09:06:21.5252836Z 14.5 EXPORT RESTRICTIONS. THE GDK IS SUBJECT TO UNITED STATES EXPORT LAWS AND REGULATIONS. YOU MUST COMPLY WITH ALL DOMESTIC AND INTERNATIONAL EXPORT LAWS AND REGULATIONS THAT APPLY TO THE GDK. THESE LAWS INCLUDE RESTRICTIONS ON DESTINATIONS, END USERS AND END USE.
2026-10-03T09:06:21.5254192Z 
2026-10-03T09:06:21.5255330Z 14.6 The rights granted in this License Agreement may not be assigned or transferred by either you or Google without the prior written approval of the other party. Neither you nor Google shall be permitted to delegate their responsibilities or obligations under this License Agreement without the prior written approval of the other party.
2026-10-03T09:06:21.5256540Z 
2026-10-03T09:06:21.5258893Z 14.7 This License Agreement, and your relationship with Google under this License Agreement, shall be governed by the laws of the State of California without regard to its conflict of laws provisions. You and Google agree to submit to the exclusive jurisdiction of the courts located within the county of Santa Clara, California to resolve any legal matter arising from this License Agreement. Notwithstanding this, you agree that Google shall still be allowed to apply for injunctive remedies (or an equivalent type of urgent legal relief) in any jurisdiction.
2026-10-03T09:06:21.5260851Z 
2026-10-03T09:06:21.5260943Z November 19, 2013
2026-10-03T09:06:21.5261178Z ---------------------------------------
2026-10-03T09:06:21.5261462Z Accept? (y/N): 
2026-10-03T09:06:21.5261710Z 6/6: License mips-android-sysimage-license:
2026-10-03T09:06:21.5262024Z ---------------------------------------
2026-10-03T09:06:21.5264258Z MIPS Technologies, Inc. (“MIPS”) Internal Evaluation License Agreement for MIPS Android™ System Images for Android Software Development Kit (SDK): This Internal Evaluation License Agreement (this "Agreement") is entered into by and between MIPS and you (as an individual developer or a legal entity -- identified below as “Recipient”). MIPS shall make the Evaluation Software available to Recipient as described in accordance with the terms and conditions set forth below.
2026-10-03T09:06:21.5265923Z 
2026-10-03T09:06:21.5268157Z By clicking on the “Accept” button, downloading, installing, or otherwise using the Evaluation Materials (defined below), you agree to be bound by the terms of this Agreement effective as of the date you click “Accept” (the “Effective Date”), and if doing so on behalf of an entity, you represent that you are authorized to bind the entity to the terms and conditions of this Agreement. If you do not agree to be bound by the terms and conditions of this Agreement, do not download, install, or use the Evaluation Materials.
2026-10-03T09:06:21.5270080Z 
2026-10-03T09:06:21.5270273Z 1. DEFINITIONS. These terms shall have the following meanings:
2026-10-03T09:06:21.5270549Z 
2026-10-03T09:06:21.5271144Z 1.1 “MIPS” shall mean MIPS Technologies, Inc., a Delaware corporation having a principal place of business at: 955 East Arques Ave., Sunnyvale, CA 94085
2026-10-03T09:06:21.5271717Z 
2026-10-03T09:06:21.5272288Z 1.2 “Evaluation Software” shall mean MIPS Android™ emulator system images for Android Software Development Kit (SDK), as made available to Recipient.
2026-10-03T09:06:21.5272868Z 
2026-10-03T09:06:21.5274072Z 1.3 “Evaluation Materials" means, collectively, the Evaluation Software (in source and/or object code form) and documentation (including, without limitation, any design documents, specifications, reference manuals, and other related materials) related to the Evaluation Software as made available to Recipient.
2026-10-03T09:06:21.5275750Z 
2026-10-03T09:06:21.5281141Z 1.4 “Open Source Software” means any software that requires (as a condition of use, modification and/or distribution of such software) that such software or other software incorporated into, derived from or distributed with such software (a) be disclosed or distributed in source code form; or (b) be licensed by the user to third parties for the purpose of making and/or distributing derivative works; or (c) be redistributable at no charge. Open Source Software includes, without limitation, software licensed or distributed under any of the following licenses or distribution models, or licenses or distribution models substantially similar to any of the following: (a) GNU’s General Public License (GPL) or Lesser/Library GPL (LGPL), (b) the Artistic License (e.g., PERL), (c) the Mozilla Public License, (d) the Netscape Public License, (e) the Sun Community Source License (SCSL), (f) the Sun Industry Source License (SISL), (g) the Apache Software license and (h) the Common Public License (CPL).
2026-10-03T09:06:21.5285480Z 
2026-10-03T09:06:21.5286699Z 1.5 “Pre-Release Materials” means “alpha” or “beta” designated pre-release features, which may not be fully functional, which MIPS may substantially modify in producing any production version of the Evaluation Materials, and/or which is still under development by MIPS and/or MIPS’ suppliers.
2026-10-03T09:06:21.5288045Z 
2026-10-03T09:06:21.5290152Z 2. PURPOSE. MIPS desires to make the Evaluation Materials available to Recipient solely for Recipient's internal evaluation of the Evaluation Software to evaluate the desirability of cooperating with MIPS in developing products that are compatible with the Evaluation Software and/or to advise MIPS as to possible modifications to the Evaluation Software. Recipient may not disclose, distribute, modify (except to facilitate the above-mentioned internal evaluation), or make commercial use of the Evaluation Materials or any modifications of the Evaluation Materials.
2026-10-03T09:06:21.5292167Z 
2026-10-03T09:06:21.5293578Z THE EVALUATION MATERIALS ARE PROVIDED FOR EVALUATION PURPOSES ONLY AND MAY NOT BE MODIFIED (EXCEPT TO FACILITATE THE INTERNAL EVALUATION) OR DISTRIBUTED BY RECIPIENT OR INCORPORATED INTO RECIPIENT’S PRODUCTS OR SOFTWARE. PLEASE CONTACT A MIPS SALES REPRESENTATIVE TO LEARN ABOUT THE AVAILABILITY AND COST OF A COMMERCIAL VERSION OF THE EVALUATION SOFTWARE.
2026-10-03T09:06:21.5294852Z 
2026-10-03T09:06:21.5295771Z 3. TITLE. Title to the Evaluation Materials remains with MIPS or its suppliers. Recipient shall not mortgage, pledge or encumber the Evaluation Materials in any way. Recipient shall return all Evaluation Materials, keeping no copies, upon termination or expiration of this Agreement.
2026-10-03T09:06:21.5296786Z 
2026-10-03T09:06:21.5300852Z 4. LICENSE. MIPS grants Recipient a royalty-free, personal, nontransferable, nonexclusive license under its copyrights to use the Evaluation Software only for the purposes described in paragraph 2 above and only for a period beginning on the Effective Date and extending to the first anniversary of the Effective Date (the “Evaluation Period”). Unless otherwise communicated in writing by MIPS to Recipient, to the extent the Evaluation Software is provided in more than one delivery or release (each, a “Release”) the license grant in this Section 4 and the Evaluation Period shall apply to each Release, in which case the Evaluation Period shall begin on the date that the Release is made generally available and continue to the first anniversary of such date. Recipient may not make modifications to the Evaluation Software. Recipient shall not disassemble, reverse-engineer, or decompile any software that is not provided to Recipient in source code form.
2026-10-03T09:06:21.5304150Z 
2026-10-03T09:06:21.5304154Z 
2026-10-03T09:06:21.5305250Z EXCEPT AS PROVIDED HEREIN, NO OTHER LICENSE, EXPRESS OR IMPLIED, BY ESTOPPEL OR OTHERWISE, TO ANY OTHER MIPS INTELLECTUAL PROPERTY RIGHTS IS GRANTED TO THE RECIPIENT. OTHER THAN AS EXPLICITLY SET FORTH IN PARAGRAPH 2 ABOVE, NO RIGHT TO COPY, TO REPRODUCE, TO MODIFY, OR TO CREATE DERIVATIVE WORKS OF, THE EVALUATION MATERIALS IS GRANTED HEREIN.
2026-10-03T09:06:21.5306582Z 
2026-10-03T09:06:21.5307416Z 5. NO OBLIGATION. Recipient shall have no duty to purchase or license any product from MIPS. MIPS and its suppliers shall have no obligation to provide support for, or develop a non-evaluation version of, the Evaluation Software or to license any version of it.
2026-10-03T09:06:21.5308642Z 
2026-10-03T09:06:21.5312480Z 6. MODIFICATIONS. This Agreement does not obligate Recipient to provide MIPS with comments or suggestions regarding Evaluation Materials. However, should Recipient provide MIPS with comments or suggestions for the modification, correction, improvement or enhancement of (a) the Evaluation Materials or (b) MIPS products or processes which may embody the Evaluation Materials, then Recipient agrees to grant and hereby grants to MIPS a non-exclusive, irrevocable, worldwide, fully paid-up, royalty-free license, with the right to sublicense MIPS’ licensees and customers, under Recipient’s Intellectual property rights, to use and disclose such comments and suggestions in any manner MIPS chooses and to display, perform, copy, make, have made, use, sell, offer to sell, import, and otherwise dispose of MIPS’ and its sublicensee’s products embodying such comments and suggestions in any manner and via any media MIPS chooses, without reference to the source.
2026-10-03T09:06:21.5315822Z 
2026-10-03T09:06:21.5317959Z 7. WARRANTY DISCLAIMER. MIPS AND ITS SUPPLIERS MAKE NO WARRANTIES WITH RESPECT TO EVALUATION MATERIALS, EITHER EXPRESS OR IMPLIED, INCLUDING ANY IMPLIED WARRANTIES OF MERCHANTABILITY OR FITNESS FOR A PARTICULAR PURPOSE, OR ANY IMPLIED WARRANTY OF NONINFRINGEMENT WITH RESPECT TO THIRD PARTY INTELLECTUAL PROPERTY. RECIPIENT ACKNOWLEDGES AND AGREES THAT THE EVALUATION MATERIALS ARE PROVIDED “AS IS,” WITHOUT WARRANTY OF ANY KIND.
2026-10-03T09:06:21.5319549Z 
2026-10-03T09:06:21.5321474Z 8. LIMITATION OF LIABILITY. MIPS AND ITS SUPPLIERS SHALL NOT BE LIABLE FOR ANY PROPERTY DAMAGE, PERSONAL INJURY, LOSS OF PROFITS, INTERRUPTION OF BUSINESS OR FOR ANY DIRECT, INDIRECT, SPECIAL, CONSEQUENTIAL OR INCIDENTAL DAMAGES, HOWEVER CAUSED OR ALLEGED, WHETHER FOR BREACH OF WARRANTY, CONTRACT, STRICT LIABILITY OR OTHERWISE, INCLUDING WITHOUT LIMITATION, UNDER TORT OR OTHER LEGAL THEORY. MIPS AND ITS SUPPLIERS DISCLAIM ANY AND ALL LIABILITY, INCLUDING LIABILITY FOR INFRINGEMENT OF ANY INTELLECTUAL PROPERTY RIGHTS OF ANY KIND RELATING TO THE EVALUATION MATERIALS.
2026-10-03T09:06:21.5323478Z 
2026-10-03T09:06:21.5324225Z 9. EXPIRATION. MIPS may terminate this Agreement immediately after a breach by Recipient or otherwise at MIPS’ reasonable discretion and upon five (5) business days’ notice to Recipient.
2026-10-03T09:06:21.5324910Z 
2026-10-03T09:06:21.5325000Z 10. GENERAL.
2026-10-03T09:06:21.5325128Z 
2026-10-03T09:06:21.5328587Z 10.1 Controlling Law. This Agreement shall be governed by California law excluding its choice of law rules. With the exception of MIPS’ rights to enforce its intellectual property rights and any confidentiality obligations under this Agreement or any licenses distributed with the Evaluation Materials, all disputes and any claims arising under or relating to this Agreement shall be subject to the exclusive jurisdiction and venue of the state and federal courts located in Santa Clara County, California. Each party hereby agrees to jurisdiction and venue in the courts set forth in the preceding sentence. The parties agree that the United Nations Convention on Contracts for the International Sale of Goods is specifically excluded from application to this Agreement. The parties consent to the personal jurisdiction of the above courts.
2026-10-03T09:06:21.5331512Z 
2026-10-03T09:06:21.5333124Z 10.2 Remedies. Recipient acknowledges and agrees that any breach of confidentiality obligations under this Agreement or any licenses distributed with the Evaluation Materials, as well as any disclosure, commercialization, or public use of the Evaluation Materials, would cause irreparable injury to MIPS, and therefore Recipient agrees to consent to, and hereby consents to, the grant of an injunction by any court of competent jurisdiction in the event of an actual or threatened breach.
2026-10-03T09:06:21.5334946Z 
2026-10-03T09:06:21.5336979Z 10.3 Assignment. Recipient may not delegate, assign or transfer this Agreement, the license granted or any of Recipient’s rights, obligations, or duties hereunder, expressly, by implication, by operation of law, by way of merger (regardless of whether Recipient is the surviving entity) or acquisition, or otherwise and any attempt to do so, without MIPS’ express prior written consent, shall be ineffective, null and void. MIPS may freely assign this Agreement, and its rights and obligations hereunder, in its sole discretion.
2026-10-03T09:06:21.5339097Z 
2026-10-03T09:06:21.5340643Z 10.4 Entire Agreement. This Agreement constitutes the entire agreement between Recipient and MIPS and supersedes in their entirety any and all oral or written agreements previously existing between Recipient and MIPS with respect to the subject matter hereof. This Agreement may only be amended or supplemented by a writing that refers explicitly to this Agreement and that is signed or otherwise accepted by duly authorized representatives of Recipient and MIPS.
2026-10-03T09:06:21.5342277Z 
2026-10-03T09:06:21.5343914Z 10.5 Severability. In the event that any provision of this Agreement is finally adjudicated to be unenforceable or invalid under any applicable law, such unenforceability or invalidity shall not render this Agreement unenforceable or invalid as a whole, and, in such event, such unenforceable or invalid provision shall be interpreted so as to best accomplish the objectives of such provision within the limits of applicable law or applicable court decisions.
2026-10-03T09:06:21.5345521Z 
2026-10-03T09:06:21.5350764Z 10.6 Export Regulations / Export Control. Recipient shall not export, either directly or indirectly, any product, service or technical data or system incorporating the Evaluation Materials without first obtaining any required license or other necessary approval from the U.S. Department of Commerce or any other governing agency or department of the United States Government. In the event any product is exported from the United States or re-exported from a foreign destination by Recipient, Recipient shall ensure that the distribution and export/re-export or import of the product is in compliance with all applicable laws, regulations, orders, or other restrictions of the U.S. Export Administration Regulations and the appropriate foreign government. Recipient agrees that neither it nor any of its subsidiaries will export/re-export any technical data, process, product, or service, directly or indirectly, to any country for which the United States government or any agency thereof or the foreign government from where it is shipping requires an export license, or other governmental approval, without first obtaining such license or approval. Recipient also agrees to implement measures to ensure that foreign national employees are authorized to receive any information controlled by U.S. export control laws. An export is "deemed" to take place when information is released to a foreign national wherever located.
2026-10-03T09:06:21.5355852Z 
2026-10-03T09:06:21.5359735Z 10.7 Special Terms for Pre-Release Materials. If so indicated in the description of the Evaluation Software, the Evaluation Software may contain Pre-Release Materials. Recipient hereby understands, acknowledges and agrees that: (i) Pre-Release Materials may not be fully tested and may contain bugs or errors; (ii) Pre-Release materials are not suitable for commercial release in their current state; (iii) regulatory approvals for Pre-Release Materials (such as UL or FCC) have not been obtained, and Pre-Release Materials may therefore not be certified for use in certain countries or environments or may not be suitable for certain applications and (iv) MIPS can provide no assurance that it will ever produce or make generally available a production version of the Pre-Release Materials . MIPS is not under any obligation to develop and/or release or offer for sale or license a final product based upon the Pre-Release Materials and may unilaterally elect to abandon the Pre-Release Materials or any such development platform at any time and without any obligation or liability whatsoever to Recipient or any other person.
2026-10-03T09:06:21.5363941Z 
2026-10-03T09:06:21.5364652Z ANY PRE-RELEASE MATERIALS ARE NON-QUALIFIED AND, AS SUCH, ARE PROVIDED “AS IS” AND “AS AVAILABLE”, POSSIBLY WITH FAULTS, AND WITHOUT REPRESENTATION OR WARRANTY OF ANY KIND.
2026-10-03T09:06:21.5365286Z 
2026-10-03T09:06:21.5367410Z 10.8 Open Source Software. In the event Open Source software is included with Evaluation Software, such Open Source software is licensed pursuant to the applicable Open Source software license agreement identified in the Open Source software comments in the applicable source code file(s) and/or file header as indicated in the Evaluation Software. Additional detail may be available (where applicable) in the accompanying on-line documentation. With respect to the Open Source software, nothing in this Agreement limits any rights under, or grants rights that supersede, the terms of any applicable Open Source software license agreement.
2026-10-03T09:06:21.5369841Z ---------------------------------------
2026-10-03T09:06:21.5370171Z Accept? (y/N): All SDK package licenses accepted
2026-10-03T09:06:21.5370394Z 
2026-10-03T09:06:21.5370791Z [command]/usr/local/lib/android/sdk/cmdline-tools/16.0/bin/sdkmanager platforms;android-35
2026-10-03T09:06:22.3079034Z Loading package information...                                                  
2026-10-03T09:06:22.4153756Z Loading local repository...                                                     
2026-10-03T09:06:22.4182578Z [                                       ] 3% Loading local repository...        
2026-10-03T09:06:22.4272618Z [                                       ] 3% Fetch remote repository...         
2026-10-03T09:06:22.7062835Z [=                                      ] 3% Fetch remote repository...         
2026-10-03T09:06:22.8556447Z [=                                      ] 4% Fetch remote repository...         
2026-10-03T09:06:22.8919964Z [=                                      ] 5% Fetch remote repository...         
2026-10-03T09:06:22.9531906Z [==                                     ] 5% Fetch remote repository...         
2026-10-03T09:06:23.0478844Z [==                                     ] 6% Fetch remote repository...         
2026-10-03T09:06:23.1170487Z [==                                     ] 7% Fetch remote repository...         
2026-10-03T09:06:23.1188705Z [==                                     ] 7% Computing updates...               
2026-10-03T09:06:23.1336745Z [===                                    ] 8% Computing updates...               
2026-10-03T09:06:23.1413287Z [===                                    ] 10% Computing updates...              
2026-10-03T09:06:23.1419619Z [=======================================] 100% Computing updates...             
2026-10-03T09:06:23.1420872Z 
2026-10-03T09:06:23.1628631Z [command]/usr/local/lib/android/sdk/cmdline-tools/16.0/bin/sdkmanager build-tools;35.0.0
2026-10-03T09:06:23.9766163Z Loading package information...                                                  
2026-10-03T09:06:24.0906473Z Loading local repository...                                                     
2026-10-03T09:06:24.0907374Z [                                       ] 3% Loading local repository...        
2026-10-03T09:06:24.1018757Z [                                       ] 3% Fetch remote repository...         
2026-10-03T09:06:24.4081728Z [=                                      ] 3% Fetch remote repository...         
2026-10-03T09:06:24.4598825Z [=                                      ] 4% Fetch remote repository...         
2026-10-03T09:06:24.4840295Z [=                                      ] 5% Fetch remote repository...         
2026-10-03T09:06:24.5421699Z [==                                     ] 5% Fetch remote repository...         
2026-10-03T09:06:24.5840826Z [==                                     ] 6% Fetch remote repository...         
2026-10-03T09:06:24.6550368Z [==                                     ] 7% Fetch remote repository...         
2026-10-03T09:06:24.6578766Z [==                                     ] 7% Computing updates...               
2026-10-03T09:06:24.6707394Z [===                                    ] 8% Computing updates...               
2026-10-03T09:06:24.6756647Z [===                                    ] 10% Computing updates...              
2026-10-03T09:06:24.6757416Z [=======================================] 100% Computing updates...             
2026-10-03T09:06:24.6758118Z 
2026-10-03T09:06:24.6966299Z [command]/usr/local/lib/android/sdk/cmdline-tools/16.0/bin/sdkmanager platform-tools
2026-10-03T09:06:25.5257038Z Loading package information...                                                  
2026-10-03T09:06:25.6358945Z Loading local repository...                                                     
2026-10-03T09:06:25.6366363Z [                                       ] 3% Loading local repository...        
2026-10-03T09:06:25.6471984Z [                                       ] 3% Fetch remote repository...         
2026-10-03T09:06:25.9310738Z [=                                      ] 3% Fetch remote repository...         
2026-10-03T09:06:25.9784136Z [=                                      ] 4% Fetch remote repository...         
2026-10-03T09:06:25.9999616Z [=                                      ] 5% Fetch remote repository...         
2026-10-03T09:06:26.0335386Z [==                                     ] 5% Fetch remote repository...         
2026-10-03T09:06:26.1031674Z [==                                     ] 6% Fetch remote repository...         
2026-10-03T09:06:26.1634148Z [==                                     ] 7% Fetch remote repository...         
2026-10-03T09:06:26.1658418Z [==                                     ] 7% Computing updates...               
2026-10-03T09:06:26.1778720Z [===                                    ] 8% Computing updates...               
2026-10-03T09:06:26.1831414Z [===                                    ] 10% Computing updates...              
2026-10-03T09:06:26.1850147Z [=======================================] 100% Computing updates...             
2026-10-03T09:06:26.1862021Z 
2026-10-03T09:06:26.3122566Z ##[group]Run actions/cache@v4
2026-10-03T09:06:26.3122866Z with:
2026-10-03T09:06:26.3123130Z   path: ~/.gradle/caches
~/.gradle/wrapper

2026-10-03T09:06:26.3123624Z   key: gradle-Linux-c18c49ccd8c0768d53b29af7fbceac13d582b9ee05082b3ec9d7513909c08a21
2026-10-03T09:06:26.3124109Z   restore-keys: gradle-Linux-

2026-10-03T09:06:26.3124402Z   enableCrossOsArchive: false
2026-10-03T09:06:26.3124666Z   fail-on-cache-miss: false
2026-10-03T09:06:26.3124913Z   lookup-only: false
2026-10-03T09:06:26.3125137Z   save-always: false
2026-10-03T09:06:26.3125358Z env:
2026-10-03T09:06:26.3125667Z   JAVA_HOME: /opt/hostedtoolcache/Java_Temurin-Hotspot_jdk/17.0.20-1/x64
2026-10-03T09:06:26.3126182Z   JAVA_HOME_17_X64: /opt/hostedtoolcache/Java_Temurin-Hotspot_jdk/17.0.20-1/x64
2026-10-03T09:06:26.3126605Z   ANDROID_HOME: /usr/local/lib/android/sdk
2026-10-03T09:06:26.3126922Z   ANDROID_SDK_ROOT: /usr/local/lib/android/sdk
2026-10-03T09:06:26.3127213Z ##[endgroup]
2026-10-03T09:06:26.4216592Z (node:2714) [DEP0040] DeprecationWarning: The `punycode` module is deprecated. Please use a userland alternative instead.
2026-10-03T09:06:26.4217735Z (Use `node --trace-deprecation ...` to show where the warning was created)
2026-10-03T09:06:26.6232873Z Cache not found for input keys: gradle-Linux-c18c49ccd8c0768d53b29af7fbceac13d582b9ee05082b3ec9d7513909c08a21, gradle-Linux-
2026-10-03T09:06:26.6350985Z ##[group]Run chmod +x ./gradlew
2026-10-03T09:06:26.6351352Z [36;1mchmod +x ./gradlew[0m
2026-10-03T09:06:26.6601849Z shell: /usr/bin/bash -e {0}
2026-10-03T09:06:26.6602157Z env:
2026-10-03T09:06:26.6602487Z   JAVA_HOME: /opt/hostedtoolcache/Java_Temurin-Hotspot_jdk/17.0.20-1/x64
2026-10-03T09:06:26.6603017Z   JAVA_HOME_17_X64: /opt/hostedtoolcache/Java_Temurin-Hotspot_jdk/17.0.20-1/x64
2026-10-03T09:06:26.6603435Z   ANDROID_HOME: /usr/local/lib/android/sdk
2026-10-03T09:06:26.6603768Z   ANDROID_SDK_ROOT: /usr/local/lib/android/sdk
2026-10-03T09:06:26.6604058Z ##[endgroup]
2026-10-03T09:06:26.6757836Z ##[group]Run python3 pipeline/check_resources.py
2026-10-03T09:06:26.6758422Z [36;1mpython3 pipeline/check_resources.py[0m
2026-10-03T09:06:26.6820088Z shell: /usr/bin/bash -e {0}
2026-10-03T09:06:26.6820550Z env:
2026-10-03T09:06:26.6820980Z   JAVA_HOME: /opt/hostedtoolcache/Java_Temurin-Hotspot_jdk/17.0.20-1/x64
2026-10-03T09:06:26.6821600Z   JAVA_HOME_17_X64: /opt/hostedtoolcache/Java_Temurin-Hotspot_jdk/17.0.20-1/x64
2026-10-03T09:06:26.6822183Z   ANDROID_HOME: /usr/local/lib/android/sdk
2026-10-03T09:06:26.6822619Z   ANDROID_SDK_ROOT: /usr/local/lib/android/sdk
2026-10-03T09:06:26.6822977Z ##[endgroup]
2026-10-03T09:06:26.7290119Z ================================================================
2026-10-03T09:06:26.7290799Z Healix 资源静态检查
2026-10-03T09:06:26.7291154Z ================================================================
2026-10-03T09:06:26.7291392Z 
2026-10-03T09:06:26.7291582Z ✅ 全部通过（无重复定义、无悬空引用）
2026-10-03T09:06:26.7291980Z ================================================================
2026-10-03T09:06:26.7371471Z ##[group]Run python3 pipeline/check_kotlin.py
2026-10-03T09:06:26.7371865Z [36;1mpython3 pipeline/check_kotlin.py[0m
2026-10-03T09:06:26.7433113Z shell: /usr/bin/bash -e {0}
2026-10-03T09:06:26.7433373Z env:
2026-10-03T09:06:26.7433694Z   JAVA_HOME: /opt/hostedtoolcache/Java_Temurin-Hotspot_jdk/17.0.20-1/x64
2026-10-03T09:06:26.7434213Z   JAVA_HOME_17_X64: /opt/hostedtoolcache/Java_Temurin-Hotspot_jdk/17.0.20-1/x64
2026-10-03T09:06:26.7434651Z   ANDROID_HOME: /usr/local/lib/android/sdk
2026-10-03T09:06:26.7434976Z   ANDROID_SDK_ROOT: /usr/local/lib/android/sdk
2026-10-03T09:06:26.7435279Z ##[endgroup]
2026-10-03T09:06:26.7977526Z ================================================================
2026-10-03T09:06:26.7978532Z Healix Kotlin/Room 静态检查
2026-10-03T09:06:26.7978903Z ================================================================
2026-10-03T09:06:26.7979638Z 解析到 7 张表：chat_messages, daily_plans, daily_reviews, events, llm_calls, presets, settings
2026-10-03T09:06:26.7980087Z 
2026-10-03T09:06:26.7980220Z ✅ 无编译级错误
2026-10-03T09:06:26.7980534Z ================================================================
2026-10-03T09:06:26.8056773Z ##[group]Run python3 pipeline/tests/test_norm.py
2026-10-03T09:06:26.8057196Z [36;1mpython3 pipeline/tests/test_norm.py[0m
2026-10-03T09:06:26.8119303Z shell: /usr/bin/bash -e {0}
2026-10-03T09:06:26.8119594Z env:
2026-10-03T09:06:26.8119921Z   JAVA_HOME: /opt/hostedtoolcache/Java_Temurin-Hotspot_jdk/17.0.20-1/x64
2026-10-03T09:06:26.8120441Z   JAVA_HOME_17_X64: /opt/hostedtoolcache/Java_Temurin-Hotspot_jdk/17.0.20-1/x64
2026-10-03T09:06:26.8120872Z   ANDROID_HOME: /usr/local/lib/android/sdk
2026-10-03T09:06:26.8121187Z   ANDROID_SDK_ROOT: /usr/local/lib/android/sdk
2026-10-03T09:06:26.8121482Z ##[endgroup]
2026-10-03T09:06:26.8564188Z ============================================================
2026-10-03T09:06:26.8565027Z 后处理层离线自测
2026-10-03T09:06:26.8565546Z ============================================================
2026-10-03T09:06:26.8566127Z   全部通过（67 项断言）
2026-10-03T09:06:26.8566869Z   用例集：22 条，分布 {'normal': 10, 'boundary': 8, 'adversarial': 4}
2026-10-03T09:06:26.8567803Z   prompt 版本：v2
2026-10-03T09:06:26.8651288Z ##[group]Run ./gradlew --no-daemon assembleDebug testDebugUnitTest
2026-10-03T09:06:26.8651834Z [36;1m./gradlew --no-daemon assembleDebug testDebugUnitTest[0m
2026-10-03T09:06:26.8714936Z shell: /usr/bin/bash -e {0}
2026-10-03T09:06:26.8715217Z env:
2026-10-03T09:06:26.8715549Z   JAVA_HOME: /opt/hostedtoolcache/Java_Temurin-Hotspot_jdk/17.0.20-1/x64
2026-10-03T09:06:26.8716092Z   JAVA_HOME_17_X64: /opt/hostedtoolcache/Java_Temurin-Hotspot_jdk/17.0.20-1/x64
2026-10-03T09:06:26.8716520Z   ANDROID_HOME: /usr/local/lib/android/sdk
2026-10-03T09:06:26.8716841Z   ANDROID_SDK_ROOT: /usr/local/lib/android/sdk
2026-10-03T09:06:26.8717147Z ##[endgroup]
2026-10-03T09:06:27.0244761Z Downloading https://services.gradle.org/distributions/gradle-8.9-bin.zip
2026-10-03T09:06:28.7548899Z ............10%.............20%.............30%.............40%.............50%.............60%.............70%.............80%.............90%.............100%
2026-10-03T09:06:29.9785546Z 
2026-10-03T09:06:29.9787205Z Welcome to Gradle 8.9!
2026-10-03T09:06:29.9787847Z 
2026-10-03T09:06:29.9789453Z Here are the highlights of this release:
2026-10-03T09:06:29.9796183Z  - Enhanced Error and Warning Messages
2026-10-03T09:06:29.9796869Z  - IDE Integration Improvements
2026-10-03T09:06:29.9797228Z  - Daemon JVM Information
2026-10-03T09:06:29.9797404Z 
2026-10-03T09:06:29.9797979Z For more details see https://docs.gradle.org/8.9/release-notes.html
2026-10-03T09:06:29.9798509Z 
2026-10-03T09:06:30.2760456Z To honour the JVM settings for this build a single-use Daemon process will be forked. For more on this, please refer to https://docs.gradle.org/8.9/userguide/gradle_daemon.html#sec:disabling_the_daemon in the Gradle documentation.
2026-10-03T09:06:31.6737973Z Daemon will be stopped at the end of the build 
2026-10-03T09:07:09.7768310Z > Task :app:preBuild UP-TO-DATE
2026-10-03T09:07:09.7817020Z > Task :app:preDebugBuild UP-TO-DATE
2026-10-03T09:07:09.8749301Z > Task :app:mergeDebugNativeDebugMetadata NO-SOURCE
2026-10-03T09:07:09.8750293Z > Task :app:checkKotlinGradlePluginConfigurationErrors SKIPPED
2026-10-03T09:07:18.6737456Z > Task :app:dataBindingMergeDependencyArtifactsDebug
2026-10-03T09:07:18.7748959Z > Task :app:generateDebugResValues
2026-10-03T09:07:18.7778748Z > Task :app:generateDebugResources
2026-10-03T09:07:21.4736761Z > Task :app:packageDebugResources
2026-10-03T09:07:21.9736449Z > Task :app:mergeDebugResources
2026-10-03T09:07:22.6738290Z > Task :app:parseDebugLocalResources
2026-10-03T09:07:22.6739290Z > Task :app:mapDebugSourceSetPaths
2026-10-03T09:07:22.6740308Z > Task :app:checkDebugAarMetadata
2026-10-03T09:07:23.0751443Z > Task :app:dataBindingGenBaseClassesDebug
2026-10-03T09:07:23.0767393Z > Task :app:createDebugCompatibleScreenManifests
2026-10-03T09:07:23.0768538Z > Task :app:extractDeepLinksDebug
2026-10-03T09:07:23.3748975Z > Task :app:processDebugMainManifest
2026-10-03T09:07:23.4737335Z > Task :app:processDebugManifest
2026-10-03T09:07:26.4738083Z > Task :app:processDebugManifestForPackage
2026-10-03T09:07:26.4738977Z > Task :app:javaPreCompileDebug
2026-10-03T09:07:27.4738711Z > Task :app:mergeDebugShaders
2026-10-03T09:07:27.4779472Z > Task :app:compileDebugShaders NO-SOURCE
2026-10-03T09:07:27.4780609Z > Task :app:generateDebugAssets UP-TO-DATE
2026-10-03T09:07:27.5738108Z > Task :app:mergeDebugAssets
2026-10-03T09:07:27.5758503Z > Task :app:compressDebugAssets
2026-10-03T09:07:27.5788540Z > Task :app:desugarDebugFileDependencies
2026-10-03T09:07:28.5737227Z > Task :app:processDebugResources
2026-10-03T09:07:28.6737126Z > Task :app:checkDebugDuplicateClasses
2026-10-03T09:07:53.3760355Z e: [ksp] /home/runner/work/Healix/Healix/app/src/main/java/com/healix/app/db/AppDatabase.kt:94: Class is referenced as a converter but it does not have any converter methods.
2026-10-03T09:07:53.3788667Z e: Error occurred in KSP, check log for detail
2026-10-03T09:07:53.3789100Z 
2026-10-03T09:07:53.3819795Z e: file:///home/runner/work/Healix/Healix/app/src/main/java/com/healix/app/notify/BootReceiver.kt:50:13 Unexpected token
2026-10-03T09:07:53.3820972Z > Task :app:kspDebugKotlin FAILED
2026-10-03T09:07:53.3822648Z e: file:///home/runner/work/Healix/Healix/app/src/main/java/com/healix/app/notify/BootReceiver.kt:50:16 Expecting an element
2026-10-03T09:07:53.3849476Z e: file:///home/runner/work/Healix/Healix/app/src/main/java/com/healix/app/notify/BootReceiver.kt:50:41 Expecting an expression
2026-10-03T09:08:05.7758194Z 
2026-10-03T09:08:05.7789013Z > Task :app:mergeExtDexDebug
2026-10-03T09:08:18.6753357Z 
2026-10-03T09:08:18.6768711Z 23 actionable tasks: 23 executed
2026-10-03T09:08:18.6769464Z FAILURE: Build failed with an exception.
2026-10-03T09:08:18.6769819Z 
2026-10-03T09:08:18.6770053Z * What went wrong:
2026-10-03T09:08:18.6770638Z Execution failed for task ':app:kspDebugKotlin'.
2026-10-03T09:08:18.6772215Z > A failure occurred while executing org.jetbrains.kotlin.compilerRunner.GradleCompilerRunnerWithWorkers$GradleKotlinCompilerWorkAction
2026-10-03T09:08:18.6773632Z    > Compilation error. See log for more details
2026-10-03T09:08:18.6774007Z 
2026-10-03T09:08:18.6774132Z * Try:
2026-10-03T09:08:18.6774682Z > Run with --stacktrace option to get the stack trace.
2026-10-03T09:08:18.6775465Z > Run with --info or --debug option to get more log output.
2026-10-03T09:08:18.6776221Z > Run with --scan to get full insights.
2026-10-03T09:08:18.6776820Z > Get more help at https://help.gradle.org.
2026-10-03T09:08:18.6777162Z 
2026-10-03T09:08:18.6777369Z BUILD FAILED in 1m 51s
2026-10-03T09:08:19.1284821Z ##[error]Process completed with exit code 1.
2026-10-03T09:08:19.1336321Z ##[group]Run actions/upload-artifact@v4
2026-10-03T09:08:19.1336639Z with:
2026-10-03T09:08:19.1336845Z   name: healix-debug-apk
2026-10-03T09:08:19.1337115Z   path: app/build/outputs/apk/debug/*.apk
2026-10-03T09:08:19.1337410Z   if-no-files-found: warn
2026-10-03T09:08:19.1338026Z   retention-days: 14
2026-10-03T09:08:19.1338380Z   compression-level: 6
2026-10-03T09:08:19.1338725Z   overwrite: false
2026-10-03T09:08:19.1339078Z   include-hidden-files: false
2026-10-03T09:08:19.1339433Z env:
2026-10-03T09:08:19.1339738Z   JAVA_HOME: /opt/hostedtoolcache/Java_Temurin-Hotspot_jdk/17.0.20-1/x64
2026-10-03T09:08:19.1340249Z   JAVA_HOME_17_X64: /opt/hostedtoolcache/Java_Temurin-Hotspot_jdk/17.0.20-1/x64
2026-10-03T09:08:19.1340684Z   ANDROID_HOME: /usr/local/lib/android/sdk
2026-10-03T09:08:19.1340989Z   ANDROID_SDK_ROOT: /usr/local/lib/android/sdk
2026-10-03T09:08:19.1341272Z ##[endgroup]
2026-10-03T09:08:19.3133223Z (node:2989) [DEP0040] DeprecationWarning: The `punycode` module is deprecated. Please use a userland alternative instead.
2026-10-03T09:08:19.3134771Z (Use `node --trace-deprecation ...` to show where the warning was created)
2026-10-03T09:08:19.3153430Z ##[warning]No files were found with the provided path: app/build/outputs/apk/debug/*.apk. No artifacts will be uploaded.
2026-10-03T09:08:19.3359327Z ##[group]Run actions/upload-artifact@v4
2026-10-03T09:08:19.3359824Z with:
2026-10-03T09:08:19.3360148Z   name: healix-unit-test-report
2026-10-03T09:08:19.3360653Z   path: app/build/reports/tests/testDebugUnitTest/**
2026-10-03T09:08:19.3361180Z   if-no-files-found: warn
2026-10-03T09:08:19.3361550Z   retention-days: 7
2026-10-03T09:08:19.3361914Z   compression-level: 6
2026-10-03T09:08:19.3362264Z   overwrite: false
2026-10-03T09:08:19.3362611Z   include-hidden-files: false
2026-10-03T09:08:19.3362994Z env:
2026-10-03T09:08:19.3363470Z   JAVA_HOME: /opt/hostedtoolcache/Java_Temurin-Hotspot_jdk/17.0.20-1/x64
2026-10-03T09:08:19.3364311Z   JAVA_HOME_17_X64: /opt/hostedtoolcache/Java_Temurin-Hotspot_jdk/17.0.20-1/x64
2026-10-03T09:08:19.3364996Z   ANDROID_HOME: /usr/local/lib/android/sdk
2026-10-03T09:08:19.3365493Z   ANDROID_SDK_ROOT: /usr/local/lib/android/sdk
2026-10-03T09:08:19.3365955Z ##[endgroup]
2026-10-03T09:08:19.5205221Z (node:3001) [DEP0040] DeprecationWarning: The `punycode` module is deprecated. Please use a userland alternative instead.
2026-10-03T09:08:19.5206737Z (Use `node --trace-deprecation ...` to show where the warning was created)
2026-10-03T09:08:19.5222867Z ##[warning]No files were found with the provided path: app/build/reports/tests/testDebugUnitTest/**. No artifacts will be uploaded.
2026-10-03T09:08:19.5473837Z Post job cleanup.
2026-10-03T09:08:19.6902740Z (node:3014) [DEP0040] DeprecationWarning: The `punycode` module is deprecated. Please use a userland alternative instead.
2026-10-03T09:08:19.6903652Z (Use `node --trace-deprecation ...` to show where the warning was created)
2026-10-03T09:08:19.7126426Z Post job cleanup.
2026-10-03T09:08:19.8089623Z [command]/usr/bin/git version
2026-10-03T09:08:19.8135651Z git version 2.55.0
2026-10-03T09:08:19.8180999Z Temporarily overriding HOME='/home/runner/work/_temp/be48afeb-9e86-491c-9470-5094752b8d82' before making global git config changes
2026-10-03T09:08:19.8182590Z Adding repository directory to the temporary git global config as a safe directory
2026-10-03T09:08:19.8185597Z [command]/usr/bin/git config --global --add safe.directory /home/runner/work/Healix/Healix
2026-10-03T09:08:19.8231995Z [command]/usr/bin/git config --local --name-only --get-regexp core\.sshCommand
2026-10-03T09:08:19.8273119Z [command]/usr/bin/git submodule foreach --recursive sh -c "git config --local --name-only --get-regexp 'core\.sshCommand' && git config --local --unset-all 'core.sshCommand' || :"
2026-10-03T09:08:19.8608227Z [command]/usr/bin/git config --local --name-only --get-regexp http\.https\:\/\/github\.com\/\.extraheader
2026-10-03T09:08:19.8648923Z http.https://github.com/.extraheader
2026-10-03T09:08:19.8663875Z [command]/usr/bin/git config --local --unset-all http.https://github.com/.extraheader
2026-10-03T09:08:19.8713942Z [command]/usr/bin/git submodule foreach --recursive sh -c "git config --local --name-only --get-regexp 'http\.https\:\/\/github\.com\/\.extraheader' && git config --local --unset-all 'http.https://github.com/.extraheader' || :"
2026-10-03T09:08:19.9077430Z [command]/usr/bin/git config --local --name-only --get-regexp ^includeIf\.gitdir:
2026-10-03T09:08:19.9139737Z [command]/usr/bin/git submodule foreach --recursive git config --local --show-origin --name-only --get-regexp remote.origin.url
2026-10-03T09:08:19.9618200Z Cleaning up orphan processes
2026-10-03T09:08:19.9948694Z Terminate orphan process: pid (2929) (java)
2026-10-03T09:08:19.9999585Z ##[warning]Node.js 20 is deprecated. The following actions target Node.js 20 but are being forced to run on Node.js 24: actions/cache@v4, actions/checkout@v4, actions/setup-java@v4, actions/upload-artifact@v4, android-actions/setup-android@v3. For more information see: https://github.blog/changelog/2025-09-19-deprecation-of-node-20-on-github-actions-runners/
